Date,Bullish,Neutral,Bearish,Total,Bullish 8-Week Mov Avg,Bull-Bear Spread,Bullish Average,Bullish Average + St. Dev,Bullish Average - St. Dev,S&P 500 Weekly High,S&P 500 Weekly Low,S&P 500 Weekly Close
2019-02-28,0.416327,0.383673,0.2,1.0,0.37167525,0.216327,0.38220319842233,0.48361273252018,0.28079366432449,2795.76,2764.55,2792.38
2019-02-21,0.393189,0.352941,0.25387,1.0,0.360908,0.139319,0.38220319842233,0.48361273252018,0.28079366432449,2787.33,2703.79,2779.76
2019-02-14,0.351032,0.39823,0.250737,0.999999,0.351193875,0.100295,0.38220319842233,0.48361273252018,0.28079366432449,2761.85,2681.83,2753.03
2019-02-07,0.398734,0.373418,0.227848,1.0,0.338396,0.170886,0.38220319842233,0.48361273252018,0.28079366432449,2738.98,2648.34,2731.61
2019-01-31,0.317568,0.364865,0.317568,1.000001,0.31468425,0.0,0.38220319842233,0.48361273252018,0.28079366432449,2690.44,2612.86,2681.05
2019-01-24,0.37659,0.300254,0.323155,0.999999,0.322417375,0.053435,0.38220319842233,0.48361273252018,0.28079366432449,2675.47,2585.1,2638.7
2019-01-17,0.335347,0.302115,0.362538,1.0,0.317695625,-0.027191,0.38220319842233,0.48361273252018,0.28079366432449,2625.76,2562.02,2616.1
2019-01-10,0.384615,0.321678,0.293706,0.999999,0.307342875,0.090909,0.38220319842233,0.48361273252018,0.28079366432449,2595.32,2443.96,2584.96
2019-01-03,0.330189,0.242138,0.427673,1.0,0.303125625,-0.097484,0.38220319842233,0.48361273252018,0.28079366432449,2520.27,2346.58,2510.03
2018-12-27,0.315476,0.181548,0.502976,1.0,0.3134575,-0.1875,0.38220319842233,0.48361273252018,0.28079366432449,2585.29,2346.58,2467.7
2018-12-20,0.248649,0.278378,0.472973,1.0,0.32143675,-0.224324,0.38220319842233,0.48361273252018,0.28079366432449,2685.44,2488.96,2506.96
2018-12-13,0.20904,0.30226,0.488701,1.000001,0.32531725,-0.279661,0.38220319842233,0.48361273252018,0.28079366432449,2785.93,2583.23,2651.07
2018-12-06,0.379433,0.315603,0.304965,1.000001,0.341606,0.074468,0.38220319842233,0.48361273252018,0.28079366432449,2800.18,2655.89,2700.06
2018-11-29,0.338816,0.266447,0.394737,1.0,0.3324345,-0.055921,0.38220319842233,0.48361273252018,0.28079366432449,2744.0,2631.09,2743.79
2018-11-22,0.252525,0.276094,0.47138,0.999999,0.347160125,-0.218855,0.38220319842233,0.48361273252018,0.28079366432449,2746.8,2631.52,2649.93
2018-11-15,0.350877,0.289474,0.359649,1.0,0.360870125,-0.008772,0.38220319842233,0.48361273252018,0.28079366432449,2815.15,2685.75,2701.58
2018-11-08,0.412844,0.275229,0.311927,1.0,0.357063375,0.100917,0.38220319842233,0.48361273252018,0.28079366432449,2815.15,2700.44,2813.89
2018-11-01,0.37931,0.275862,0.344828,1.0,0.345569875,0.034482,0.38220319842233,0.48361273252018,0.28079366432449,2742.59,2603.54,2711.74
2018-10-25,0.279693,0.310345,0.409962,1.0,0.350933875,-0.130269,0.38220319842233,0.48361273252018,0.28079366432449,2816.94,2651.89,2656.1
2018-10-18,0.33935,0.310469,0.350181,1.0,0.370342125,-0.010831,0.38220319842233,0.48361273252018,0.28079366432449,2874.02,2710.51,2809.21
2018-10-11,0.306061,0.339394,0.354545,1.0,0.37600025,-0.048484,0.38220319842233,0.48361273252018,0.28079366432449,2939.86,2784.86,2785.68
2018-10-04,0.456621,0.292237,0.251142,1.0,0.382955375,0.205479,0.38220319842233,0.48361273252018,0.28079366432449,2939.86,2903.28,2925.51
2018-09-27,0.362205,0.326772,0.311024,1.000001,0.37133225,0.051181,0.38220319842233,0.48361273252018,0.28079366432449,2940.91,2903.28,2905.97
2018-09-20,0.320423,0.359155,0.320423,1.000001,0.36244475,0.0,0.38220319842233,0.48361273252018,0.28079366432449,2912.36,2879.2,2907.95
2018-09-13,0.320896,0.350746,0.328358,1.0,0.361794,-0.007462,0.38220319842233,0.48361273252018,0.28079366432449,2894.65,2864.12,2888.92
2018-09-06,0.422222,0.314815,0.262963,1.0,0.365011125,0.159259,0.38220319842233,0.48361273252018,0.28079366432449,2916.5,2876.92,2888.6
2018-08-30,0.434959,0.321138,0.243902,0.999999,0.366046875,0.191057,0.38220319842233,0.48361273252018,0.28079366432449,2916.5,2854.03,2914.04
2018-08-23,0.384615,0.344729,0.270655,0.999999,0.346496,0.11396,0.38220319842233,0.48361273252018,0.28079366432449,2873.23,2802.49,2861.82
2018-08-16,0.361702,0.347518,0.29078,1.0,0.3339795,0.070922,0.38220319842233,0.48361273252018,0.28079366432449,2862.48,2802.49,2818.37
2018-08-09,0.363636,0.326019,0.310345,1.0,0.337165125,0.053291,0.38220319842233,0.48361273252018,0.28079366432449,2863.43,2796.34,2857.7
2018-08-02,0.291105,0.38814,0.320755,1.0,0.347685875,-0.02965,0.38220319842233,0.48361273252018,0.28079366432449,2848.03,2798.11,2813.36
2018-07-26,0.315217,0.415761,0.269022,1.0,0.359961875,0.046195,0.38220319842233,0.48361273252018,0.28079366432449,2848.03,2795.14,2846.07
2018-07-19,0.346633,0.40399,0.249377,1.0,0.364332375,0.097256,0.38220319842233,0.48361273252018,0.28079366432449,2816.76,2770.77,2815.62
2018-07-12,0.430508,0.277966,0.291525,0.999999,0.369205875,0.138983,0.38220319842233,0.48361273252018,0.28079366432449,2795.58,2711.16,2774.02
2018-07-05,0.278552,0.328691,0.392758,1.000001,0.36123675,-0.114206,0.38220319842233,0.48361273252018,0.28079366432449,2746.09,2691.99,2713.22
2018-06-28,0.284483,0.307471,0.408046,1.0,0.368306,-0.123563,0.38220319842233,0.48361273252018,0.28079366432449,2774.86,2698.67,2699.63
2018-06-21,0.387187,0.350975,0.261838,1.0,0.3682395,0.125349,0.38220319842233,0.48361273252018,0.28079366432449,2791.47,2743.19,2767.32
2018-06-14,0.447802,0.335165,0.217033,1.0,0.36597675,0.230769,0.38220319842233,0.48361273252018,0.28079366432449,2791.47,2748.46,2775.63
2018-06-07,0.389313,0.343511,0.267176,1.0,0.35723075,0.122137,0.38220319842233,0.48361273252018,0.28079366432449,2772.39,2700.68,2772.35
2018-05-31,0.350181,0.386282,0.263538,1.000001,0.341175375,0.086643,0.38220319842233,0.48361273252018,0.28079366432449,2742.24,2676.81,2724.01
2018-05-24,0.385621,0.362745,0.251634,1.0,0.3372735,0.133987,0.38220319842233,0.48361273252018,0.28079366432449,2742.24,2709.18,2733.29
2018-05-17,0.366755,0.427441,0.205805,1.000001,0.328991,0.16095,0.38220319842233,0.48361273252018,0.28079366432449,2742.1,2674.14,2722.46
2018-05-10,0.335106,0.409574,0.255319,0.999999,0.324689625,0.079787,0.38220319842233,0.48361273252018,0.28079366432449,2701.27,2594.62,2697.79
2018-05-03,0.283951,0.41358,0.302469,1.0,0.328854,-0.018518,0.38220319842233,0.48361273252018,0.28079366432449,2682.87,2612.67,2635.67
2018-04-26,0.369085,0.375394,0.255521,1.0,0.326363375,0.113564,0.38220319842233,0.48361273252018,0.28079366432449,2717.49,2612.67,2639.4
2018-04-19,0.377834,0.329975,0.292191,1.0,0.32683175,0.085643,0.38220319842233,0.48361273252018,0.28079366432449,2717.49,2639.25,2708.64
2018-04-12,0.26087,0.311594,0.427536,1.0,0.3354165,-0.166666,0.38220319842233,0.48361273252018,0.28079366432449,2672.08,2573.61,2642.19
2018-04-05,0.318966,0.314655,0.366379,1.0,0.363457,-0.047413,0.38220319842233,0.48361273252018,0.28079366432449,2674.78,2553.8,2644.69
2018-03-29,0.319361,0.327345,0.353293,0.999999,0.369870875,-0.033932,0.38220319842233,0.48361273252018,0.28079366432449,2739.14,2585.89,2605.0
2018-03-22,0.332344,0.382789,0.284866,0.999999,0.38591475,0.047478,0.38220319842233,0.48361273252018,0.28079366432449,2777.11,2694.59,2711.93
2018-03-15,0.368421,0.418283,0.213296,1.0,0.401189875,0.155125,0.38220319842233,0.48361273252018,0.28079366432449,2801.9,2701.74,2749.48
2018-03-08,0.264026,0.452145,0.283828,0.999999,0.422778875,-0.019802,0.38220319842233,0.48361273252018,0.28079366432449,2761.52,2647.32,2726.8
2018-03-01,0.372832,0.393064,0.234104,1.0,0.450616375,0.138728,0.38220319842233,0.48361273252018,0.28079366432449,2789.15,2697.77,2713.83
2018-02-22,0.446512,0.325581,0.227907,1.0,0.47870375,0.218605,0.38220319842233,0.48361273252018,0.28079366432449,2754.42,2637.08,2701.33
2018-02-15,0.485194,0.300683,0.214123,1.0,0.488696625,0.271071,0.38220319842233,0.48361273252018,0.28079366432449,2727.67,2532.69,2698.63
2018-02-08,0.370277,0.279597,0.350126,1.0,0.49116925,0.020151,0.38220319842233,0.48361273252018,0.28079366432449,2839.26,2593.07,2681.66
2018-02-01,0.447712,0.264706,0.287582,1.0,0.501134625,0.16013,0.38220319842233,0.48361273252018,0.28079366432449,2872.87,2813.04,2823.81
2018-01-25,0.454545,0.305195,0.24026,1.0,0.491267,0.214285,0.38220319842233,0.48361273252018,0.28079366432449,2852.97,2778.38,2837.54
2018-01-18,0.541133,0.244973,0.213894,1.0,0.47938125,0.327239,0.38220319842233,0.48361273252018,0.28079366432449,2807.54,2736.06,2802.56
2018-01-11,0.486726,0.262537,0.250737,1.0,0.456105875,0.235989,0.38220319842233,0.48361273252018,0.28079366432449,2759.14,2697.77,2748.23
2018-01-04,0.597531,0.246914,0.155556,1.000001,0.431949875,0.441975,0.38218247965999,0.48361932480487,0.28074563451511,2714.37,2673.61,2713.06
2017-12-28,0.526455,0.267196,0.206349,1.0,0.413639625,0.320106,0.38217579283111,0.48364310204718,0.28070848361503,2694.44,2676.11,2682.62
2017-12-21,0.504975,0.238806,0.256219,1.0,0.404151375,0.248756,0.38219472522796,0.48368998144735,0.28069946900858,2694.97,2652.01,2679.25
2017-12-14,0.45,0.26875,0.28125,1.0,0.390579,0.16875,0.38218466484185,0.48370998308529,0.28065934659841,2671.88,2624.75,2662.85
2017-12-07,0.368771,0.289037,0.342193,1.000001,0.38174275,0.026578,0.38222399330493,0.48376769430964,0.28068029230022,2665.19,2620.32,2629.27
2017-11-30,0.359459,0.324324,0.316216,0.999999,0.385354,0.043243,0.38222742448234,0.48380196508101,0.28065288388367,2634.89,2589.17,2626.07
2017-11-23,0.35493,0.35493,0.290141,1.000001,0.384921625,0.064789,0.38225599268739,0.48385489752788,0.2806570878469,2601.19,2557.45,2602.42
2017-11-16,0.293478,0.354348,0.352174,1.0,0.382222,-0.058696,0.38225455426829,0.48388443184289,0.2806246766937,2595.47,2557.45,2564.62
2017-11-09,0.451049,0.318182,0.230769,1.0,0.395707375,0.22028,0.3822863209274,0.48393907142532,0.28063357042948,2597.02,2566.17,2594.38
2017-11-02,0.450549,0.263736,0.285714,0.999999,0.390936125,0.164835,0.38232710866911,0.48399748606992,0.2806567312683,2588.4,2544.0,2579.36
2017-10-26,0.396396,0.273273,0.33033,0.999999,0.3712145,0.066066,0.3824087690898,0.48405646686384,0.28076107131576,2578.29,2544.0,2557.15
2017-10-19,0.37931,0.341379,0.27931,0.999999,0.352915,0.1,0.38251474022005,0.48410302363179,0.28092645680831,2564.11,2547.95,2561.26
2017-10-12,0.397661,0.333333,0.269006,1.0,0.34062525,0.128655,0.38254336964504,0.48418805890732,0.28089868038277,2555.24,2531.8,2555.24
2017-10-05,0.356,0.316,0.328,1.0,0.3336355,0.028,0.38254336964504,0.48418805890732,0.28089868038277,2540.53,2495.91,2537.74
2017-09-28,0.333333,0.37931,0.287356,0.999999,0.331218875,0.045977,0.38262298897734,0.4842478326757,0.28099814527898,2511.75,2488.03,2507.04
2017-09-21,0.401361,0.326531,0.272109,1.000001,0.334691125,0.129252,0.38264244117647,0.48429539313471,0.28098948921823,2508.85,2491.35,2508.24
2017-09-14,0.412879,0.367424,0.219697,1.0,0.327595375,0.193182,0.38262392397302,0.48430529969623,0.28094254824982,2498.37,2459.2,2498.37
2017-09-07,0.292776,0.34981,0.357414,1.0,0.320340375,-0.064638,0.38262595705522,0.48433850458246,0.28091340952797,2480.38,2428.2,2465.54
2017-08-31,0.25,0.351064,0.398936,1.0,0.31904425,-0.148936,0.38268914487416,0.48440091862442,0.28097737112389,2460.31,2428.2,2457.59
2017-08-24,0.280992,0.336088,0.38292,1.0,0.324766125,-0.101928,0.38271576597052,0.48445311540015,0.28097841654088,2474.93,2417.35,2444.04
2017-08-17,0.341743,0.330275,0.327982,1.0,0.326785,0.013761,0.38276288014751,0.48451374213146,0.28101201816357,2474.93,2437.75,2468.11
2017-08-10,0.336667,0.34,0.323333,1.0,0.3248835,0.013334,0.38271745694957,0.48448311980663,0.28095179409251,2490.87,2462.08,2474.02
2017-08-03,0.361111,0.317901,0.320988,1.0,0.32313875,0.040123,0.38276844642857,0.48458376523351,0.28095312762363,2484.04,2470.3,2477.57
2017-07-27,0.344595,0.412162,0.243243,1.0,0.32229125,0.101352,0.38276844642857,0.48458376523351,0.28095312762363,2481.69,2463.85,2477.83
2017-07-20,0.354839,0.387097,0.258065,1.000001,0.31287075,0.096774,0.38280656869994,0.48464167371601,0.28097146368387,2473.83,2435.75,2473.83
2017-07-13,0.282407,0.421296,0.296296,0.999999,0.30958725,-0.013889,0.38278226818742,0.48464407232449,0.28092046405036,2445.76,2407.7,2443.25
2017-07-06,0.295775,0.405634,0.298592,1.000001,0.304102875,-0.002817,0.38275008019741,0.48463506651086,0.28086509388396,2442.97,2405.7,2432.54
2017-06-29,0.297143,0.434286,0.268571,1.0,0.30804825,0.028572,0.38274892901235,0.48466536532954,0.28083249269515,2450.42,2419.38,2440.69
2017-06-22,0.326531,0.384354,0.289116,1.000001,0.31849425,0.037415,0.3827619289685,0.48470851141932,0.28081534651768,2453.82,2418.53,2435.61
2017-06-15,0.322709,0.38247,0.294821,1.0,0.325238875,0.027888,0.38277374969098,0.48475074077914,0.28079675860282,2446.2,2415.7,2437.92
2017-06-08,0.354331,0.350394,0.295276,1.000001,0.317033,0.059055,0.38283044032158,0.4848134719253,0.28084740871787,2440.23,2403.59,2433.14
2017-06-01,0.269231,0.415385,0.315385,1.000001,0.308956625,-0.046154,0.38287228032178,0.48487299721854,0.28087156342502,2418.71,2393.88,2411.8
2017-05-25,0.328571,0.371429,0.3,1.0,0.310680125,0.028571,0.38289471950465,0.48492304031423,0.28086639869506,2405.58,2352.72,2404.39
2017-05-18,0.238532,0.41896,0.342508,1.0,0.307381375,-0.103976,0.38286521933086,0.48491827210669,0.28081216655502,2405.77,2356.21,2357.03
2017-05-11,0.327338,0.370504,0.302158,1.0,0.321663,0.02518,0.38292988964662,0.4849815042946,0.28087827499864,2403.87,2379.75,2399.63
2017-05-04,0.380711,0.319797,0.299492,1.0,0.31970675,0.081219,0.38299096091812,0.48504475530935,0.28093716652688,2398.16,2379.75,2388.13
2017-04-27,0.380488,0.302439,0.317073,1.0,0.309617875,0.063415,0.38298835630044,0.48507378590123,0.28090292669965,2398.16,2335.05,2387.45
2017-04-20,0.257062,0.355932,0.387006,1.0,0.3094425,-0.129944,0.38294809937888,0.48505245511196,0.2808437436458,2355.22,2328.95,2338.17
2017-04-13,0.28972,0.336449,0.373832,1.000001,0.325386625,-0.084112,0.38294414356743,0.48508011982062,0.28080816731425,2378.36,2337.25,2344.93
2017-04-06,0.283019,0.320755,0.396226,1.0,0.33053525,-0.113207,0.38296451865672,0.48512899737046,0.28080003994297,2378.36,2344.73,2352.95
2017-03-30,0.302181,0.323988,0.373832,1.000001,0.339911,-0.071651,0.38296286558805,0.48515912496331,0.2807666062128,2363.78,2322.25,2361.13
2017-03-23,0.352785,0.342175,0.30504,1.0,0.343136125,0.047745,0.38297295765878,0.48520024788819,0.28074566742937,2390.01,2336.45,2348.45
2017-03-16,0.311688,0.301299,0.387013,1.0,0.338511625,-0.075325,0.383002781308,0.485254943848,0.280750618769,2390.01,2354.54,2385.26
2017-03-09,0.3,0.235,0.465,1.0,0.3458105,-0.165,0.383064534289,0.485318643402,0.280810425176,2400.98,2361.01,2362.98
2017-03-02,0.379085,0.264706,0.356209,1.0,0.362856,0.022876,0.383073255147,0.485358677107,0.280787833187,2400.98,2352.87,2395.96
2017-02-23,0.384615,0.292308,0.323077,1.0,0.373221125,0.061538,0.383076525593,0.485393802958,0.280759248228,2366.71,2322.17,2362.82
2017-02-16,0.330909,0.345455,0.323636,1.0,0.38210625,0.007273,0.383152856964,0.485456465949,0.28084924798,2351.31,2296.61,2347.22
2017-02-09,0.358025,0.365432,0.276543,1.0,0.396500625,0.081482,0.38319297375,0.485515970084,0.280869977416,2299.4,2271.65,2294.67
2017-02-02,0.327982,0.330275,0.341743,1.0,0.407569375,-0.013761,0.383232893684,0.485575436932,0.280890350435,2300.99,2267.21,2279.55
2017-01-26,0.315789,0.349282,0.334928,0.999999,0.420473,-0.019139,0.383264739049,0.485631394257,0.280898083841,2299.55,2257.02,2298.37
2017-01-19,0.370079,0.30315,0.326772,1.000001,0.43571825,0.043307,0.383274033813,0.485672079222,0.280875988405,2279.27,2254.25,2271.89
2017-01-12,0.436364,0.293939,0.269697,1.0,0.451825625,0.166667,0.383348750627,0.485735334667,0.280962166586,2282.1,2260.45,2275.32
2017-01-05,0.462006,0.285714,0.25228,1.0,0.4555965,0.209726,0.383355344201,0.485773700496,0.280936987905,2273.82,2233.62,2270.75
2016-12-29,0.455696,0.28692,0.257384,1.0,0.446456875,0.198312,0.38331572271,0.485753991741,0.28087745368,2273.82,2249.11,2249.92
2016-12-22,0.446064,0.262391,0.291545,1.0,0.419040375,0.154519,0.383251768989,0.485690368835,0.280813169144,2272.56,2253.77,2258.66
2016-12-15,0.446575,0.230137,0.323288,1.0,0.394226,0.123287,0.38325991897,0.485730190286,0.280789647654,2277.53,2208.93,2253.28
2016-12-08,0.431211,0.303901,0.264887,0.999999,0.3680785,0.166324,0.383219408548,0.485709145158,0.280729671938,2241.63,2187.44,2241.35
2016-12-01,0.437751,0.311245,0.251004,1.0,0.34601675,0.186747,0.383174549686,0.485680905767,0.280668193605,2214.1,2194.51,2198.81
2016-11-24,0.498938,0.280255,0.220807,1.0,0.327291125,0.278131,0.383075142228,0.485537075939,0.280613208516,2204.8,2172.2,2204.72
2016-11-17,0.466531,0.267748,0.26572,0.999999,0.294923875,0.200811,0.383009870907,0.485471030301,0.280548711512,2182.3,2100.59,2164.2
2016-11-10,0.388889,0.317778,0.293333,1.0,0.26764,0.095556,0.382874696912,0.48522641546,0.280522978365,2170.1,2083.79,2163.26
2016-11-03,0.236364,0.420455,0.343182,1.000001,0.25395125,-0.106818,0.382784167087,0.485104590134,0.28046374404,2147.13,2094.0,2097.94
2016-10-27,0.247549,0.411765,0.340686,1.0,0.26158925,-0.093137,0.382707075079,0.485013705633,0.280400444525,2154.790039,2130.090088,2139.429932
2016-10-20,0.237395,0.384454,0.378151,1.0,0.266395625,-0.140756,0.382664592172,0.484989545873,0.28033963847,2149.189941,2114.719971,2144.290039
2016-10-13,0.254717,0.408019,0.337264,1.0,0.273501625,-0.082547,0.38267336892,0.485030061473,0.280316676366,2169.600098,2128.840088,2139.179932
2016-10-06,0.287946,0.433036,0.279018,1.0,0.286118125,0.008928,0.382705600253,0.485123006642,0.280288193864,2175.300049,2144.01001,2159.72998
2016-09-29,0.24,0.388889,0.371111,1.0,0.2892405,-0.131111,0.382705600253,0.485123006642,0.280288193864,2179.98999,2139.570068,2171.370117
2016-09-22,0.24826,0.36891,0.382831,1.000001,0.2964745,-0.134571,0.382762073418,0.485187279309,0.280336867527,2165.110107,2119.899902,2163.120117
2016-09-15,0.279379,0.361419,0.359202,1.0,0.3045045,-0.079823,0.382718826472,0.48516205025,0.280275602695,2187.870117,2119.120117,2125.77002
2016-09-08,0.297468,0.417722,0.28481,1.0,0.3138635,0.012658,0.382675841572,0.485137295414,0.28021438773,2187.870117,2157.090088,2186.159912
2016-09-01,0.286,0.3987,0.3152,0.9999,0.322763,-0.0292,0.382667141408,0.485160513845,0.28017376897,2187.94,2157.09,2170.86
2016-08-25,0.294243,0.409382,0.296375,1.0,0.325834625,-0.002132,0.382669271574,0.485195141507,0.28014340164,2193.42,2168.5,2175.44
2016-08-18,0.355649,0.380753,0.263598,1.0,0.325194875,0.092051,0.382659753016,0.485217489766,0.280102016266,2193.81,2168.5,2182.22
2016-08-11,0.312925,0.419501,0.267574,1.0,0.308200875,0.045351,0.382676690597,0.485264818002,0.280088563193,2187.66,2152.56,2175.49
2016-08-04,0.297872,0.434397,0.26773,0.999999,0.30076925,0.030142,0.382708059758,0.485321260213,0.280094859304,2178.29,2147.58,2163.79
2016-07-28,0.3125,0.403409,0.284091,1.0,0.298324875,0.028409,0.38269619402,0.485340968334,0.280051419707,2175.629883,2159.070068,2166.580078
2016-07-21,0.354251,0.378543,0.267206,1.0,0.296971875,0.087045,0.38267698154,0.485351612606,0.280002350474,2175.63,2146.21,2173.02
2016-07-14,0.368664,0.387097,0.24424,1.000001,0.274879875,0.124424,0.382734243312,0.485416492962,0.280051993662,2156.449951,2074.02002,2152.429932
2016-07-07,0.310573,0.422907,0.26652,1.0,0.252969875,0.044053,0.3828188413,0.485479083281,0.28015859932,2108.709961,2042.689941,2099.72998
2016-06-30,0.289125,0.376658,0.334218,1.000001,0.2396585,-0.045093,0.382883781888,0.485544533,0.280223030776,2113.32,1991.68,2070.77
2016-06-23,0.219697,0.42803,0.352273,1.0,0.2314305,-0.132576,0.382910036375,0.485598294424,0.280221778326,2100.659912,2050.370117,2085.449951
2016-06-16,0.253472,0.371528,0.375,1.0,0.23817625,-0.121528,0.382939565773,0.485653970841,0.280225160705,2120.550049,2064.100098,2071.5
2016-06-09,0.278317,0.443366,0.278317,1.0,0.24824875,0.0,0.382953513738,0.485699267122,0.280207760354,2119.219971,2085.100098,2112.129883
2016-06-02,0.301676,0.407821,0.290503,1.0,0.24826925,0.011173,0.382978039642,0.485752073219,0.280204006065,2103.47998,2078.929932,2099.330078
2016-05-26,0.177515,0.5286,0.293886,1.000001,0.2507995,-0.116371,0.382996042866,0.485800502404,0.280191583329,2094.72998,2025.910034,2090.540039
2016-05-19,0.193384,0.465649,0.340967,1.0,0.26258575,-0.147583,0.383060440461,0.485866283743,0.280254597178,2083.290039,2034.48999,2047.630005
2016-05-12,0.204082,0.482993,0.312925,1.0,0.28063875,-0.108843,0.383116356823,0.485931382466,0.280301331179,2084.870117,2039.449951,2064.459961
2016-05-05,0.223301,0.473301,0.303398,1.0,0.292576875,-0.080097,0.383171467949,0.485996396417,0.28034653948,2099.889893,2045.550049,2051.120117
2016-04-28,0.273663,0.440329,0.286008,1.0,0.31136125,-0.012345,0.38320779923,0.486055704871,0.280359893589,2111.050049,2077.52002,2095.149902
2016-04-21,0.334052,0.426724,0.239224,1.0,0.317173125,0.094828,0.383246630295,0.486116125679,0.280377134911,2111.050049,2065.919922,2102.399902
2016-04-14,0.278481,0.472574,0.248945,1.0,0.31441,0.029536,0.38326520167,0.486165134828,0.280365268511,2083.179932,2033.800049,2082.419922
2016-04-07,0.321918,0.46347,0.214612,1.0,0.3140505,0.107306,0.383338488432,0.486230847506,0.280446129358,2075.070068,2042.560059,2066.659912
2016-03-31,0.271805,0.470588,0.257606,0.999999,0.297858875,0.014199,0.383373708682,0.486289785101,0.280457632263,2072.209961,2022.48999,2063.949951
2016-03-24,0.337808,0.425056,0.237136,1.0,0.29831725,0.100672,0.383466914414,0.486350448028,0.280583380801,2056.600098,2010.040039,2036.709961
2016-03-17,0.299587,0.431818,0.268595,1.0,0.293283125,0.030992,0.383503056665,0.486409861566,0.280596251763,2032.02002,1969.25,2027.219
2016-03-10,0.373576,0.382688,0.243736,1.0,0.282736,0.12984,0.38350485567,0.486444805138,0.280564906202,2009.13,1968.8,1989.26
2016-03-03,0.320158,0.387352,0.29249,1.0,0.2584125,0.027668,0.383506800774,0.486479922793,0.280533678755,1986.51,1891.0,1986.45
2016-02-25,0.311947,0.373894,0.314159,1.0,0.246110125,-0.002212,0.383588378065,0.486544586603,0.280632169526,1946.7,1871.44,1929.8
2016-02-18,0.275605,0.346369,0.378026,1.0,0.238457875,-0.102421,0.38371398385,0.486677255689,0.280750712011,1930.68,1810.1,1926.82
2016-02-11,0.192385,0.320641,0.486974,1.0,0.23698275,-0.294589,0.38371398385,0.486677255689,0.280750712011,1935.26,1828.46,1851.86
2016-02-04,0.275472,0.377358,0.34717,1.0,0.2427675,-0.071698,0.383766687783,0.486742364581,0.280791010985,1947.2,1872.23,1912.53
2016-01-28,0.297535,0.302817,0.399648,1.0,0.243965625,-0.102113,0.383786727684,0.486792706939,0.28078074843,1916.99,1812.29,1882.95
2016-01-21,0.21521,0.297735,0.487055,1.0,0.243640125,-0.271845,0.383833393528,0.486856375274,0.280810411781,1950.33,1812.29,1859.33
2016-01-14,0.178988,0.365759,0.455253,1.0,0.257189,-0.276265,0.383887689767,0.486921934877,0.280853444656,2021.94,1886.41,1890.28
2016-01-07,0.221739,0.395652,0.382609,1.0,0.273277,-0.16087,0.383890802333,0.486958378704,0.280823225962,2081.56,1979.05,1990.26
2015-12-31,0.250729,0.51312,0.236152,1.000001,0.2884,0.014577,0.383924713822,0.487050350989,0.280799076656,2081.56,2005.93,2063.36
2015-12-24,0.263804,0.421268,0.314928,1.0,0.305808875,-0.051124,0.383924713822,0.487050350989,0.280799076656,2076.72,1993.26,2064.29
2015-12-17,0.238663,0.367542,0.393795,1.0,0.323323625,-0.155132,0.383941531818,0.487098553674,0.280784509962,2080.33,1993.26,2073.07
2015-12-10,0.285057,0.416092,0.298851,1.0,0.33694775,-0.013794,0.383977892788,0.487158572841,0.280797212734,2104.27,2036.53,2047.62
2015-12-03,0.294931,0.493088,0.211982,1.000001,0.343917625,0.082949,0.384022228869,0.487221803571,0.280822654167,2104.27,2070.29,2079.51
2015-11-26,0.323601,0.416058,0.260341,1.0,0.353956,0.06326,0.384031300586,0.487263849996,0.280798751175,2097.06,2051.99,2090.11
2015-11-19,0.307692,0.386813,0.305495,1.0,0.34863825,0.002197,0.383997229818,0.487254755276,0.280739704359,2086.94,2019.39,2083.58
2015-11-12,0.342723,0.42723,0.230047,1.0,0.350326625,0.112676,0.383946409772,0.487218368784,0.28067445076,2116.48,2068.24,2075.0
2015-11-05,0.39,0.424,0.186,1.0,0.349066875,0.204,0.383899636897,0.487189008161,0.280610265633,2116.48,2058.84,2102.31
2015-10-29,0.403922,0.390196,0.205882,1.0,0.34362925,0.19804,0.383859086106,0.487169947155,0.280548225057,2090.35,2017.22,2090.35
2015-10-22,0.347656,0.412109,0.240234,0.999999,0.333619375,0.107422,0.383787193338,0.48714600709,0.280428379586,2039.12,1990.73,2018.94
2015-10-15,0.340816,0.387755,0.271429,1.0,0.330787375,0.069387,0.383787193338,0.48714600709,0.280428379586,2022.34,1971.99,1994.24
2015-10-08,0.375238,0.342857,0.281905,1.0,0.32171025,0.093333,0.38367658862,0.487051786525,0.280301390715,1999.31,1871.91,1995.83
2015-10-01,0.281059,0.319756,0.399185,1.0,0.312870375,-0.118126,0.38367658862,0.487051786525,0.280301390715,1979.64,1871.91,1884.09
2015-09-24,0.321199,0.391863,0.286938,1.0,0.308136375,0.034261,0.383622364529,0.487009652289,0.280235076768,2020.86,1939.19,1966.97
2015-09-17,0.332645,0.376033,0.291322,1.0,0.294368375,0.041323,0.383618915521,0.487039985057,0.280197845984,1997.26,1927.3,1995.31
2015-09-10,0.346499,0.303411,0.35009,1.0,0.29346275,-0.003591,0.383715412844,0.487101596639,0.280329229049,1988.63,1903.07,1942.04
2015-09-03,0.323843,0.359431,0.316726,1.0,0.288663875,0.007117,0.383804702295,0.487165925219,0.280443479371,1993.48,1867.08,1948.86
2015-08-27,0.325,0.292308,0.382692,1.0,0.28306725,-0.057692,0.383900771654,0.487227792557,0.28057375075,2103.47,1867.01,1940.51
2015-08-20,0.268199,0.398467,0.333333,0.999999,0.270707375,-0.065134,0.383985593565,0.487293463551,0.28067772358,2103.47,2052.09,2079.61
2015-08-13,0.304519,0.333988,0.361493,1.0,0.281627,-0.056974,0.384048694481,0.487361155596,0.280736233365,2112.66,2052.09,2086.05
2015-08-06,0.243187,0.440252,0.316562,1.000001,0.2753225,-0.073375,0.384143401052,0.487423729913,0.280863072191,2114.24,2063.52,2099.84
2015-07-30,0.211055,0.38191,0.407035,1.0,0.269971,-0.19598,0.384232798026,0.487488233909,0.280977362144,2132.82,2063.52,2108.57
2015-07-23,0.3254,0.4187,0.256,1.0001,0.277764,0.0694,0.384301826201,0.487556177901,0.281047474502,2132.82,2102.49,2114.15
2015-07-16,0.308108,0.459459,0.232432,0.999999,0.270841375,0.075676,0.384423866842,0.487691304251,0.281156429434,2114.14,2044.02,2107.4
2015-07-09,0.27907,0.429175,0.291755,1.0,0.26384275,-0.012685,0.384423866842,0.487691304251,0.281156429434,2098.63,2044.02,2046.68
2015-07-02,0.226121,0.423002,0.350877,1.0,0.26238925,-0.124756,0.384483352902,0.487758863526,0.281207842279,2128.03,2056.32,2077.42
2015-06-25,0.355556,0.427778,0.216667,1.000001,0.2679445,0.138889,0.384502385479,0.487809337714,0.281195433244,2129.87,2082.1,2108.58
2015-06-18,0.254083,0.402904,0.343013,1.0,0.26204525,-0.08893,0.384606951091,0.487941748349,0.281272153832,2115.02,2072.14,2100.44
2015-06-11,0.200375,0.473783,0.325843,1.000001,0.269622375,-0.125468,0.384606951091,0.487941748349,0.281272153832,2121.92,2072.14,2105.2
2015-06-04,0.273399,0.480296,0.246305,1.0,0.284659875,0.027094,0.384654640873,0.488006969847,0.281302311899,2126.22,2099.14,2114.07
2015-05-28,0.270019,0.478585,0.251397,1.000001,0.286362,0.018622,0.384674762409,0.488058345739,0.281291179079,2134.72,2099.18,2123.48
2015-05-21,0.252119,0.497881,0.25,1.0,0.296853625,0.002119,0.384685365563,0.488102377019,0.281268354107,2134.72,2085.57,2125.85
2015-05-14,0.267442,0.468992,0.263566,1.0,0.313376,0.003876,0.384734479125,0.488168157082,0.281300801169,2117.69,2067.93,2098.48
2015-05-07,0.270563,0.461039,0.268398,1.0,0.313896375,0.002165,0.384797880637,0.488236534563,0.28135922671,2120.95,2067.93,2080.15
2015-04-30,0.308362,0.472125,0.219512,0.999999,0.319571125,0.08885,0.384907436629,0.48829287048,0.281522002778,2125.92,2091.05,2106.85
2015-04-23,0.3147,0.453416,0.231884,1.0,0.330779125,0.082816,0.384907436629,0.48829287048,0.281522002778,2111.91,2072.37,2107.96
2015-04-16,0.320675,0.451477,0.227848,1.0,0.348158,0.092827,0.384907436629,0.48829287048,0.281522002778,2111.91,2073.3,2106.63
2015-04-09,0.287016,0.471526,0.241458,1.0,0.3668485,0.045558,0.384907436629,0.48829287048,0.281522002778,2089.81,2048.38,2081.9
2015-04-02,0.353952,0.32646,0.319588,1.0,0.3809715,0.034364,0.384907436629,0.48829287048,0.281522002778,2107.63,2045.5,2059.69
2015-03-26,0.384298,0.371901,0.243802,1.000001,0.381096125,0.140496,0.384907436629,0.48829287048,0.281522002778,2114.86,2061.05,2061.05
2015-03-19,0.271605,0.41358,0.314815,1.0,0.388273625,-0.04321,0.384907436629,0.48829287048,0.281522002778,2106.85,2039.69,2099.5
2015-03-12,0.315961,0.429967,0.254072,1.0,0.400751625,0.061889,0.384907436629,0.48829287048,0.281522002778,2115.76,2039.69,2040.24
2015-03-05,0.398026,0.368421,0.233553,1.0,0.418888875,0.164473,0.384907436629,0.48829287048,0.281522002778,2119.59,2087.62,2098.53
2015-02-26,0.453731,0.343284,0.202985,1.0,0.420394625,0.250746,0.384907436629,0.48829287048,0.281522002778,2119.59,2085.44,2113.86
2015-02-19,0.470199,0.350993,0.178808,1.0,0.428350125,0.291391,0.384907436629,0.48829287048,0.281522002778,2101.3,2041.88,2099.68
2015-02-12,0.4,0.396721,0.203279,1.0,0.4332545,0.196721,0.384907436629,0.48829287048,0.281522002778,2073.48,2022.71,2068.53
2015-02-05,0.354949,0.320819,0.324232,1.0,0.4316735,0.030717,0.384907436629,0.48829287048,0.281522002778,2057.62,1980.9,2050.03
2015-01-29,0.441718,0.334356,0.223926,1.0,0.443576375,0.217792,0.384907436629,0.48829287048,0.281522002778,2064.62,2001.49,2002.16
2015-01-22,0.371429,0.320635,0.307937,1.000001,0.441708875,0.063492,0.384907436629,0.48829287048,0.281522002778,2056.93,1988.12,2032.12
2015-01-15,0.461059,0.323988,0.214953,1.0,0.46046175,0.246106,0.384907436629,0.48829287048,0.281522002778,2064.43,1988.44,2011.27
2015-01-08,0.410072,0.31295,0.276978,1.0,0.464226375,0.133094,0.384907436629,0.48829287048,0.281522002778,2093.55,1992.44,2025.9
2015-01-01,0.517375,0.289575,0.19305,1.0,0.485381125,0.324325,0.384907436629,0.48829287048,0.281522002778,2093.55,2017.34,2020.58
2014-12-25,0.509434,0.301887,0.188679,1.0,0.4865695,0.320755,0.384907436629,0.48829287048,0.281522002778,2093.55,2018.98,2090.57
2014-12-18,0.387352,0.343874,0.268775,1.000001,0.484604125,0.118577,0.384907436629,0.48829287048,0.281522002778,2060.6,2002.33,2012.89
2014-12-11,0.450172,0.32646,0.223368,1.0,0.4982945,0.226804,0.384907436629,0.48829287048,0.281522002778,2079.47,2024.26,2026.14
2014-12-04,0.426778,0.313808,0.259414,1.0,0.49535175,0.167364,0.384907436629,0.48829287048,0.281522002778,2076.28,2049.57,2074.33
2014-11-27,0.521452,0.270627,0.207921,1.0,0.491851125,0.313531,0.384907436629,0.48829287048,0.281522002778,2075.76,2040.37,2067.56
2014-11-20,0.491176,0.270588,0.238235,0.999999,0.4709405,0.252941,0.384907436629,0.48829287048,0.281522002778,2056.08,2030.44,2048.72
2014-11-13,0.57931,0.227586,0.193103,0.999999,0.461839375,0.386207,0.384907436629,0.48829287048,0.281522002778,2041.28,2001.01,2038.25
2014-11-06,0.526882,0.322581,0.150538,1.000001,0.442220625,0.376344,0.384907436629,0.48829287048,0.281522002778,2024.46,1964.14,2023.57
2014-10-30,0.493711,0.295597,0.210692,1.0,0.426841125,0.283019,0.384907436629,0.48829287048,0.281522002778,1991.4,1909.38,1982.3
2014-10-23,0.496875,0.278125,0.225,1.0,0.4209705,0.271875,0.384907436629,0.48829287048,0.281522002778,1949.31,1820.66,1927.11
2014-10-16,0.42663,0.236413,0.336957,1.0,0.423765,0.089673,0.384907436629,0.48829287048,0.281522002778,1970.36,1820.66,1862.49
2014-10-09,0.398773,0.291411,0.309816,1.0,0.428071,0.088957,0.384907436629,0.48829287048,0.281522002778,1985.17,1925.25,1968.89
2014-10-02,0.354167,0.336806,0.309028,1.000001,0.42798925,0.045139,0.384907436629,0.48829287048,0.281522002778,1999.79,1941.72,1946.16
2014-09-25,0.418367,0.29932,0.282313,1.0,0.422327,0.136054,0.384907436629,0.48829287048,0.281522002778,2019.26,1978.63,1998.3
2014-09-18,0.42236,0.347826,0.229814,1.0,0.408934125,0.192546,0.384907436629,0.48829287048,0.281522002778,2010.74,1978.48,2001.57
2014-09-11,0.403846,0.330128,0.266026,1.0,0.393176125,0.13782,0.384907436629,0.48829287048,0.281522002778,2011.17,1982.99,1995.69
2014-09-04,0.446746,0.313609,0.239645,1.0,0.3831485,0.207101,0.384907436629,0.48829287048,0.281522002778,2009.28,1990.52,2000.72
2014-08-28,0.519231,0.288462,0.192308,1.000001,0.37435575,0.326923,0.384907436629,0.48829287048,0.281522002778,2005.04,1972.73,2000.12
2014-08-21,0.461078,0.302395,0.236527,1.0,0.35758625,0.224551,0.384907436629,0.48829287048,0.281522002778,1988.57,1928.29,1986.51
2014-08-14,0.398119,0.332288,0.269592,0.999999,0.3464775,0.128527,0.384907436629,0.48829287048,0.281522002778,1936.34,1904.78,1946.72
2014-08-07,0.308869,0.308869,0.382263,1.000001,0.340680625,-0.073394,0.384907436629,0.48829287048,0.281522002778,1984.85,1911.45,1920.24
2014-07-31,0.311224,0.377551,0.311224,0.999999,0.357931375,0.0,0.384907436629,0.48829287048,0.281522002778,1991.39,1962.42,1970.07
2014-07-24,0.296296,0.404321,0.299383,1.0,0.368411125,-0.003087,0.384907436629,0.48829287048,0.281522002778,1989.23,1955.59,1987.01
2014-07-17,0.323625,0.391586,0.28479,1.000001,0.37695425,0.038835,0.384907436629,0.48829287048,0.281522002778,1983.94,1952.86,1981.57
2014-07-10,0.376404,0.337079,0.286517,1.0,0.374544625,0.089887,0.384907436629,0.48829287048,0.281522002778,1985.59,1958.22,1972.83
2014-07-03,0.385075,0.391045,0.223881,1.000001,0.368895375,0.161194,0.384907436629,0.48829287048,0.281522002778,1978.58,1944.69,1974.62
2014-06-26,0.372208,0.416873,0.210918,0.999999,0.356190875,0.16129,0.384907436629,0.48829287048,0.281522002778,1968.17,1933.55,1959.53
2014-06-19,0.351744,0.406977,0.241279,1.0,0.34688175,0.110465,0.384907436629,0.48829287048,0.281522002778,1957.74,1925.78,1956.98
2014-06-12,0.446875,0.340625,0.2125,1.0,0.346042375,0.234375,0.384907436629,0.48829287048,0.281522002778,1955.55,1918.6,1943.89
2014-06-05,0.395062,0.382716,0.222222,1.0,0.324204375,0.17284,0.384907436629,0.48829287048,0.281522002778,1928.63,1902.01,1927.88
2014-05-29,0.364641,0.403315,0.232044,1.0,0.310417625,0.132597,0.384907436629,0.48829287048,0.281522002778,1914.46,1868.14,1909.78
2014-05-22,0.304348,0.431677,0.263975,1.0,0.309033875,0.040373,0.384907436629,0.48829287048,0.281522002778,1902.17,1862.36,1888.03
2014-05-15,0.33121,0.442675,0.226115,1.0,0.30994225,0.105095,0.384907436629,0.48829287048,0.281522002778,1902.17,1859.79,1888.53
2014-05-08,0.283439,0.429936,0.286624,0.999999,0.314518,-0.003185,0.384907436629,0.48829287048,0.281522002778,1891.33,1859.79,1878.21
2014-05-01,0.297735,0.407767,0.294498,1.0,0.330764125,0.003237,0.384907436629,0.48829287048,0.281522002778,1885.2,1850.61,1883.95
2014-04-24,0.345029,0.394737,0.260234,1.0,0.344184625,0.084795,0.384907436629,0.48829287048,0.281522002778,1884.89,1815.8,1875.39
2014-04-17,0.272171,0.385321,0.342508,1.0,0.350669375,-0.070337,0.384907436629,0.48829287048,0.281522002778,1872.53,1814.36,1862.31
2014-04-10,0.284768,0.374172,0.34106,1.0,0.369398,-0.056292,0.384907436629,0.48829287048,0.281522002778,1897.28,1837.49,1872.18
2014-04-03,0.353571,0.378571,0.267857,0.999999,0.38398675,0.085714,0.384907436629,0.48829287048,0.281522002778,1893.17,1842.11,1890.9
2014-03-27,0.311615,0.402266,0.286119,1.0,0.374660375,0.025496,0.384907436629,0.48829287048,0.281522002778,1883.97,1849.69,1852.56
2014-03-20,0.367816,0.37069,0.261494,1.0,0.375938375,0.106322,0.384907436629,0.48829287048,0.281522002778,1882.35,1839.57,1860.77
2014-03-13,0.413408,0.318436,0.268156,1.0,0.3776115,0.145252,0.384907436629,0.48829287048,0.281522002778,1883.57,1849.23,1868.2
2014-03-06,0.405099,0.328612,0.266289,1.0,0.3746755,0.13881,0.384907436629,0.48829287048,0.281522002778,1876.53,1834.44,1873.81
2014-02-27,0.396907,0.391753,0.21134,1.0,0.378559375,0.185567,0.384907436629,0.48829287048,0.281522002778,1858.71,1824.58,1845.16
2014-02-20,0.422,0.35,0.228,1.0,0.38280775,0.194,0.384907436629,0.48829287048,0.281522002778,1847.5,1826.99,1828.75
2014-02-13,0.401478,0.325123,0.273399,1.0,0.398878,0.128079,0.384907436629,0.48829287048,0.281522002778,1826.55,1737.92,1819.26
2014-02-06,0.27896,0.356974,0.364066,1.0,0.40801525,-0.085106,0.384907436629,0.48829287048,0.281522002778,1798.77,1737.92,1751.64
2014-01-30,0.321839,0.350575,0.327586,1.0,0.424726625,-0.005747,0.384907436629,0.48829287048,0.281522002778,1850.84,1815.52,1844.86
2014-01-23,0.381201,0.381201,0.237598,1.0,0.437798625,0.143603,0.384907436629,0.48829287048,0.281522002778,1850.84,1815.52,1844.86
2014-01-16,0.38992,0.395225,0.214854,0.999999,0.4492755,0.175066,0.384907436629,0.48829287048,0.281522002778,1850.84,1815.52,1848.38
2014-01-09,0.43617,0.31383,0.25,1.0,0.443526875,0.18617,0.384907436629,0.48829287048,0.281522002778,1849.44,1823.73,1837.49
2014-01-02,0.430894,0.276423,0.292683,1.0,0.4380025,0.138211,0.384907436629,0.48829287048,0.281522002778,1849.44,1810.25,1848.36
2013-12-26,0.550562,0.264045,0.185393,1.0,0.440994375,0.365169,0.384907436629,0.48829287048,0.281522002778,1833.32,1767.99,1833.32
2013-12-19,0.474576,0.274576,0.250847,0.999999,0.428382125,0.223729,0.384907436629,0.48829287048,0.281522002778,1811.08,1767.99,1810.65
2013-12-12,0.412651,0.337349,0.25,1.0,0.43056175,0.162651,0.384907436629,0.48829287048,0.281522002778,1811.52,1779.09,1782.22
2013-12-05,0.426415,0.298113,0.275472,1.0,0.43682825,0.150943,0.384907436629,0.48829287048,0.281522002778,1813.55,1779.09,1792.81
2013-11-28,0.473016,0.244444,0.28254,1.0,0.435186875,0.190476,0.384907436629,0.48829287048,0.281522002778,1808.42,1777.23,1807.23
2013-11-21,0.343931,0.361272,0.294798,1.000001,0.423357125,0.049133,0.384907436629,0.48829287048,0.281522002778,1802.33,1760.64,1781.37
2013-11-14,0.391975,0.333333,0.274691,0.999999,0.42543375,0.117284,0.384907436629,0.48829287048,0.281522002778,1782.0,1746.2,1782.0
2013-11-07,0.454829,0.327103,0.218069,1.000001,0.432827875,0.23676,0.384907436629,0.48829287048,0.281522002778,1775.22,1752.7,1770.49
2013-10-31,0.449664,0.33557,0.214765,0.999999,0.432868,0.234899,0.384907436629,0.48829287048,0.281522002778,1775.22,1740.5,1763.31
2013-10-24,0.492013,0.332268,0.175719,1.0,0.4210725,0.316294,0.384907436629,0.48829287048,0.281522002778,1759.33,1695.93,1746.38
2013-10-17,0.462783,0.288026,0.249191,1.0,0.401496375,0.213592,0.384907436629,0.48829287048,0.281522002778,1721.76,1646.47,1721.54
2013-10-10,0.413284,0.250923,0.335793,1.0,0.379845375,0.077491,0.384907436629,0.48829287048,0.281522002778,1696.55,1646.47,1656.4
2013-10-03,0.378378,0.320946,0.300676,1.0,0.371318625,0.077702,0.384907436629,0.48829287048,0.281522002778,1725.23,1674.99,1693.87
2013-09-26,0.360544,0.333333,0.306122,0.999999,0.373394375,0.054422,0.384907436629,0.48829287048,0.281522002778,1729.86,1691.7,1692.77
2013-09-19,0.451128,0.25188,0.296992,1.0,0.372846875,0.154136,0.384907436629,0.48829287048,0.281522002778,1729.44,1674.32,1725.52
2013-09-12,0.45515,0.299003,0.245847,1.0,0.372853125,0.209303,0.384907436629,0.48829287048,0.281522002778,1689.13,1633.41,1689.13
2013-09-05,0.3553,0.3322,0.3125,1.0,0.375628375,0.0428,0.384907436629,0.48829287048,0.281522002778,1655.72,1628.05,1653.08
2013-08-29,0.335404,0.357143,0.307453,1.0,0.392386125,0.027951,0.384907436629,0.48829287048,0.281522002778,1669.51,1627.47,1634.96
2013-08-22,0.289575,0.281853,0.428571,0.999999,0.40295175,-0.138996,0.384907436629,0.48829287048,0.281522002778,1696.81,1639.43,1642.8
2013-08-15,0.34507,0.373239,0.28169,0.999999,0.404598875,0.06338,0.384907436629,0.48829287048,0.281522002778,1705.79,1682.62,1685.39
2013-08-08,0.394984,0.338558,0.266458,1.0,0.408281625,0.128526,0.384907436629,0.48829287048,0.281522002778,1709.67,1682.42,1690.91
2013-08-01,0.356164,0.393836,0.25,1.0,0.400124875,0.106164,0.384907436629,0.48829287048,0.281522002778,1698.78,1676.03,1685.73
2013-07-25,0.451178,0.323232,0.225589,0.999999,0.3924465,0.225589,0.384907436629,0.48829287048,0.281522002778,1698.78,1671.84,1685.94
2013-07-18,0.477352,0.310105,0.212544,1.000001,0.38100975,0.264808,0.384907436629,0.48829287048,0.281522002778,1684.75,1642.89,1680.91
2013-07-11,0.489362,0.32766,0.182979,1.000001,0.3825565,0.306383,0.384907436629,0.48829287048,0.281522002778,1657.92,1604.57,1652.62
2013-07-04,0.419929,0.341637,0.238434,1.0,0.3694935,0.181495,0.384907436629,0.48829287048,0.281522002778,1632.07,1592.27,1631.89
2013-06-27,0.302752,0.345566,0.351682,1.0,0.367995125,-0.04893,0.384907436629,0.48829287048,0.281522002778,1654.19,1560.33,1603.26
2013-06-20,0.374532,0.325843,0.299625,1.0,0.3688835,0.074907,0.384907436629,0.48829287048,0.281522002778,1654.19,1608.07,1628.93
2013-06-13,0.32973,0.324324,0.345946,1.0,0.357428875,-0.016216,0.384907436629,0.48829287048,0.281522002778,1648.69,1598.23,1612.52
2013-06-06,0.294737,0.315789,0.389474,1.0,0.34977425,-0.094737,0.384907436629,0.48829287048,0.281522002778,1674.21,1607.09,1608.9
2013-05-30,0.359684,0.343874,0.296443,1.000001,0.33707,0.063241,0.384907436629,0.48829287048,0.281522002778,1663.52,1636.42,1648.36
2013-05-23,0.489726,0.294521,0.215753,1.0,0.33647575,0.273973,0.384907436629,0.48829287048,0.281522002778,1687.18,1633.75,1655.35
2013-05-16,0.384858,0.321767,0.293375,1.0,0.32325425,0.091483,0.384907436629,0.48829287048,0.281522002778,1661.49,1616.64,1658.78
2013-05-09,0.407942,0.31769,0.274368,1.0,0.323826875,0.133574,0.384907436629,0.48829287048,0.281522002778,1632.78,1581.28,1632.69
2013-05-02,0.309859,0.330986,0.359155,1.0,0.329609125,-0.049296,0.384907436629,0.48829287048,0.281522002778,1597.57,1562.5,1582.7
2013-04-25,0.282895,0.328947,0.388158,1.0,0.329696625,-0.105263,0.384907436629,0.48829287048,0.281522002778,1583.0,1536.03,1578.79
2013-04-18,0.268493,0.249315,0.482192,1.0,0.32982375,-0.213699,0.384907436629,0.48829287048,0.281522002778,1597.35,1543.69,1552.01
2013-04-11,0.193103,0.262069,0.544828,1.0,0.34849425,-0.351725,0.384907436629,0.48829287048,0.281522002778,1589.07,1539.5,1587.73
2013-04-04,0.35493,0.36338,0.28169,1.0,0.37717325,0.07324,0.384907436629,0.48829287048,0.281522002778,1573.66,1546.22,1553.69
2013-03-28,0.383954,0.329513,0.286533,1.0,0.386266125,0.097421,0.384907436629,0.48829287048,0.281522002778,1564.91,1538.57,1562.85
2013-03-21,0.389439,0.277228,0.333333,1.0,0.39832775,0.056106,0.384907436629,0.48829287048,0.281522002778,1563.62,1538.57,1558.71
2013-03-14,0.4542,0.2255,0.3203,1.0,0.415071875,0.1339,0.384907436629,0.48829287048,0.281522002778,1556.77,1541.46,1554.52
2013-03-07,0.310559,0.304348,0.385093,1.0,0.4132265,-0.074534,0.384907436629,0.48829287048,0.281522002778,1545.25,1485.01,1541.46
2013-02-28,0.283912,0.350158,0.365931,1.000001,0.43246875,-0.082019,0.384907436629,0.48829287048,0.281522002778,1530.94,1485.01,1515.99
2013-02-21,0.417857,0.257143,0.325,1.0,0.445366875,0.092857,0.384907436629,0.48829287048,0.281522002778,1530.94,1511.41,1511.95
2013-02-14,0.422535,0.290141,0.287324,1.0,0.4486385,0.135211,0.384907436629,0.48829287048,0.281522002778,1524.69,1495.71,1520.33
2013-02-07,0.427673,0.27673,0.295597,1.0,0.453821625,0.132076,0.384907436629,0.48829287048,0.281522002778,1514.96,1495.02,1512.12
2013-01-31,0.480447,0.276536,0.243017,1.0,0.454403875,0.23743,0.384907436629,0.48829287048,0.281522002778,1509.94,1481.16,1501.96
2013-01-24,0.523392,0.233918,0.24269,1.0,0.44712575,0.280702,0.384907436629,0.48829287048,0.281522002778,1496.13,1463.76,1494.81
2013-01-17,0.439437,0.287324,0.273239,1.0,0.43286,0.166198,0.384907436629,0.48829287048,0.281522002778,1473.96,1451.64,1472.63
2013-01-10,0.464497,0.266272,0.269231,1.0,0.422699875,0.195266,0.384907436629,0.48829287048,0.281522002778,1467.94,1398.11,1461.02
2013-01-03,0.387097,0.250896,0.362007,1.0,0.400667125,0.02509,0.384907436629,0.48829287048,0.281522002778,1462.43,1398.11,1462.42
2012-12-27,0.44403,0.253731,0.302239,1.0,0.400402125,0.141791,0.384907436629,0.48829287048,0.281522002778,1443.7,1416.43,1419.83
2012-12-20,0.464,0.288,0.248,1.0,0.3895705,0.216,0.384907436629,0.48829287048,0.281522002778,1448.0,1411.88,1435.81
2012-12-13,0.432331,0.266917,0.300752,1.0,0.368127125,0.131579,0.384907436629,0.48829287048,0.281522002778,1438.59,1398.23,1428.48
2012-12-06,0.422222,0.231746,0.346032,1.0,0.34991125,0.07619,0.384907436629,0.48829287048,0.281522002778,1416.34,1385.43,1409.28
2012-11-28,0.409266,0.247104,0.343629,0.999999,0.335352875,0.065637,0.384907436629,0.48829287048,0.281522002778,1409.15,1359.88,1409.93
2012-11-22,0.358156,0.234043,0.407801,1.0,0.326520625,-0.049645,0.384907436629,0.48829287048,0.281522002778,1391.25,1343.35,1391.03
2012-11-15,0.288235,0.223529,0.488235,0.999999,0.3268775,-0.2,0.384907436629,0.48829287048,0.281522002778,1433.38,1352.5,1355.49
2012-11-08,0.384977,0.215962,0.399061,1.0,0.337723125,-0.014084,0.384907436629,0.48829287048,0.281522002778,1433.38,1388.14,1394.53
2012-11-01,0.357377,0.232787,0.409836,1.0,0.335173875,-0.052459,0.384907436629,0.48829287048,0.281522002778,1457.34,1403.28,1412.16
2012-10-25,0.292453,0.27673,0.430818,1.000001,0.331824125,-0.138365,0.384907436629,0.48829287048,0.281522002778,1464.02,1407.1,1408.75
2012-10-18,0.286604,0.267913,0.445483,1.0,0.33867025,-0.158879,0.384907436629,0.48829287048,0.281522002778,1462.2,1425.53,1460.91
2012-10-11,0.305755,0.305755,0.388489,0.999999,0.35529225,-0.082734,0.384907436629,0.48829287048,0.281522002778,1470.96,1430.64,1432.56
2012-10-04,0.338608,0.329114,0.332278,1.0,0.3631255,0.00633,0.384907436629,0.48829287048,0.281522002778,1463.24,1430.53,1450.99
2012-09-27,0.361011,0.274368,0.364621,1.0,0.36638775,-0.00361,0.384907436629,0.48829287048,0.281522002778,1467.07,1430.53,1433.32
2012-09-20,0.375,0.287162,0.337838,1.0,0.359321125,0.037162,0.384907436629,0.48829287048,0.281522002778,1474.51,1429.13,1461.05
2012-09-13,0.364583,0.305556,0.329861,1.0,0.347589875,0.034722,0.384907436629,0.48829287048,0.281522002778,1439.15,1396.56,1436.56
2012-09-06,0.330579,0.338843,0.330579,1.000001,0.3297545,0.0,0.384907436629,0.48829287048,0.281522002778,1416.17,1396.56,1403.44
2012-08-30,0.347222,0.326389,0.326389,1.0,0.3262135,0.020833,0.384907436629,0.48829287048,0.281522002778,1426.68,1398.04,1410.49
2012-08-23,0.41958,0.321678,0.258741,0.999999,0.32361075,0.160839,0.384907436629,0.48829287048,0.281522002778,1426.68,1400.6,1413.49
2012-08-16,0.368421,0.350877,0.280702,1.0,0.306999375,0.087719,0.384907436629,0.48829287048,0.281522002778,1410.03,1394.46,1405.53
2012-08-09,0.364706,0.361765,0.273529,1.0,0.30205975,0.091177,0.384907436629,0.48829287048,0.281522002778,1407.14,1354.65,1402.22
2012-08-02,0.304478,0.346269,0.349254,1.000001,0.299015375,-0.044776,0.384907436629,0.48829287048,0.281522002778,1391.74,1329.24,1375.14
2012-07-26,0.28115,0.28754,0.43131,1.0,0.295269375,-0.15016,0.384907436629,0.48829287048,0.281522002778,1380.39,1329.24,1337.89
2012-07-19,0.2219,0.360231,0.417867,0.999998,0.295145125,-0.195967,0.384907436629,0.48829287048,0.281522002778,1375.26,1325.41,1372.78
2012-07-12,0.302251,0.350482,0.347267,1.0,0.305493625,-0.045016,0.384907436629,0.48829287048,0.281522002778,1374.81,1333.25,1341.45
2012-07-05,0.3264,0.3403,0.3333,1.0,0.297189875,-0.0069,0.384907436629,0.48829287048,0.281522002778,1374.81,1313.29,1374.02
2012-06-28,0.286689,0.269625,0.443686,1.0,0.288135875,-0.156997,0.384907436629,0.48829287048,0.281522002778,1363.46,1309.27,1331.85
2012-06-21,0.328904,0.312292,0.358804,1.0,0.296551625,-0.0299,0.384907436629,0.48829287048,0.281522002778,1363.46,1306.62,1355.69
2012-06-14,0.340351,0.301754,0.357895,1.0,0.2899915,-0.017544,0.384907436629,0.48829287048,0.281522002778,1335.52,1274.16,1314.88
2012-06-07,0.27451,0.267974,0.457516,1.0,0.286421,-0.183006,0.384907436629,0.48829287048,0.281522002778,1334.93,1266.74,1315.13
2012-05-31,0.280156,0.299611,0.420233,1.0,0.287280375,-0.140077,0.384907436629,0.48829287048,0.281522002778,1334.93,1295.73,1313.32
2012-05-24,0.304688,0.308594,0.386719,1.000001,0.29997875,-0.082031,0.384907436629,0.48829287048,0.281522002778,1344.94,1291.98,1318.86
2012-05-17,0.235821,0.304478,0.459701,1.0,0.31498025,-0.22388,0.384907436629,0.48829287048,0.281522002778,1369.16,1324.79,1324.8
2012-05-10,0.253968,0.325397,0.420635,1.0,0.33848275,-0.166667,0.384907436629,0.48829287048,0.281522002778,1415.32,1343.13,1354.58
2012-05-03,0.354015,0.361314,0.284672,1.000001,0.363745125,0.069343,0.384907436629,0.48829287048,0.281522002778,1415.32,1366.82,1402.31
2012-04-26,0.276423,0.349593,0.373984,1.0,0.372467,-0.097561,0.384907436629,0.48829287048,0.281522002778,1392.76,1358.79,1390.69
2012-04-19,0.311787,0.34981,0.338403,1.0,0.393554125,-0.026616,0.384907436629,0.48829287048,0.281522002778,1392.76,1357.38,1385.14
2012-04-12,0.281385,0.30303,0.415584,0.999999,0.409192,-0.134199,0.384907436629,0.48829287048,0.281522002778,1422.38,1357.38,1368.71
2012-04-05,0.381743,0.340249,0.278008,1.0,0.427410125,0.103735,0.384907436629,0.48829287048,0.281522002778,1422.38,1391.56,1398.96
2012-03-29,0.4247,0.3205,0.2548,1.0,0.444246,0.1699,0.384907436629,0.48829287048,0.281522002778,1419.15,1386.87,1405.54
2012-03-22,0.423841,0.298013,0.278146,1.0,0.445916,0.145695,0.384907436629,0.48829287048,0.281522002778,1414.0,1371.92,1402.89
2012-03-15,0.456067,0.271967,0.271967,1.000001,0.453432625,0.1841,0.384907436629,0.48829287048,0.281522002778,1399.42,1340.03,1394.28
2012-03-08,0.42379,0.28624,0.28996,0.99999,0.45546175,0.13383,0.384907436629,0.48829287048,0.281522002778,1378.04,1340.03,1352.63
2012-03-01,0.44512,0.28658,0.26829,0.99999,0.463913,0.17683,0.384907436629,0.48829287048,0.281522002778,1378.04,1352.28,1365.68
2012-02-23,0.43689,0.28802,0.27508,0.99999,0.469373,0.16181,0.384907436629,0.48829287048,0.281522002778,1367.76,1340.8,1357.66
2012-02-16,0.42713,0.30653,0.26633,0.99999,0.46551175,0.1608,0.384907436629,0.48829287048,0.281522002778,1355.87,1335.92,1343.23
2012-02-09,0.51643,0.28169,0.20187,0.99999,0.45427675,0.31456,0.384907436629,0.48829287048,0.281522002778,1351.0,1306.69,1349.96
2012-02-02,0.43806,0.31117,0.25075,0.99998,0.439948,0.18731,0.384907436629,0.48829287048,0.281522002778,1333.47,1300.49,1324.09
2012-01-26,0.483974,0.32692,0.1891,0.999994,0.433403,0.294874,0.384907436629,0.48829287048,0.281522002778,1328.3,1290.22,1326.06
2012-01-19,0.4723,0.2915,0.2361,0.9999,0.41420625,0.2362,0.384907436629,0.48829287048,0.281522002778,1308.11,1274.55,1308.04
2012-01-12,0.4914,0.3368,0.1718,1.0,0.39605625,0.3196,0.384907436629,0.48829287048,0.281522002778,1296.82,1265.26,1295.5
2012-01-05,0.4888,0.3395,0.1716,0.9999,0.38704375,0.3172,0.384907436629,0.48829287048,0.281522002778,1284.62,1248.64,1277.3
2011-12-29,0.406,0.2857,0.30827,0.99997,0.38185625,0.09773,0.384907436629,0.48829287048,0.281522002778,1269.37,1202.37,1249.64
2011-12-22,0.33725,0.38039,0.28235,0.99999,0.38133125,0.0549,0.384907436629,0.48829287048,0.281522002778,1249.86,1202.37,1243.72
2011-12-15,0.4018,0.2616,0.3364,0.9998,0.392925,0.0654,0.384907436629,0.48829287048,0.281522002778,1267.06,1209.47,1211.82
2011-12-08,0.3857,0.2666,0.3476,0.9999,0.387675,0.0381,0.384907436629,0.48829287048,0.281522002778,1267.06,1191.8,1261.01
2011-12-01,0.3304,0.2753,0.3942,0.9999,0.389175,-0.0638,0.384907436629,0.48829287048,0.281522002778,1247.11,1158.66,1246.96
2011-11-24,0.3271,0.2901,0.3827,0.9999,0.3919125,-0.0556,0.384907436629,0.48829287048,0.281522002778,1259.61,1158.66,1158.67
2011-11-17,0.4193,0.2701,0.3104,0.9998,0.3916625,0.1089,0.384907436629,0.48829287048,0.281522002778,1277.55,1226.64,1236.91
2011-11-10,0.4473,0.307,0.2456,0.9999,0.3709125,0.2017,0.384907436629,0.48829287048,0.281522002778,1277.55,1215.42,1229.1
2011-11-03,0.4018,0.302,0.2962,1.0,0.353125,0.1056,0.384907436629,0.48829287048,0.281522002778,1292.66,1215.42,1237.9
2011-10-27,0.43,0.32,0.25,1.0,0.340675,0.18,0.384907436629,0.48829287048,0.281522002778,1256.55,1191.48,1242.0
2011-10-20,0.3598,0.2941,0.346,0.9999,0.3352,0.0138,0.384907436629,0.48829287048,0.281522002778,1233.1,1187.3,1209.88
2011-10-13,0.3977,0.2386,0.3636,0.9999,0.335775,0.0341,0.384907436629,0.48829287048,0.281522002778,1220.25,1074.77,1207.25
2011-10-06,0.3523,0.1904,0.4571,0.9998,0.3305125,-0.1048,0.384907436629,0.48829287048,0.281522002778,1195.86,1074.77,1144.04
2011-09-29,0.3251,0.2068,0.4679,0.9998,0.3282625,-0.1428,0.384907436629,0.48829287048,0.281522002778,1220.39,1114.22,1151.06
2011-09-22,0.2533,0.2667,0.48,1.0,0.321575,-0.2267,0.384907436629,0.48829287048,0.281522002778,1220.39,1157.44,1166.76
2011-09-15,0.305,0.2815,0.4135,1.0,0.3372125,-0.1085,0.384907436629,0.48829287048,0.281522002778,1204.4,1136.07,1188.68
2011-09-08,0.3022,0.295,0.4029,1.0001,0.3489125,-0.1007,0.384907436629,0.48829287048,0.281522002778,1229.29,1140.13,1198.62
2011-09-01,0.3862,0.2904,0.3234,1.0,0.360275,0.0628,0.384907436629,0.48829287048,0.281522002778,1230.71,1135.91,1218.89
2011-08-25,0.3644,0.226,0.4096,1.0,0.3642125,-0.0452,0.384907436629,0.48829287048,0.281522002778,1190.68,1121.09,1159.27
2011-08-18,0.3556,0.2462,0.3982,1.0,0.36655,-0.0426,0.384907436629,0.48829287048,0.281522002778,1208.47,1121.3,1193.88
2011-08-11,0.3343,0.2179,0.4478,1.0,0.368925,-0.1135,0.384907436629,0.48829287048,0.281522002778,1260.23,1101.54,1120.76
2011-08-04,0.2716,0.2299,0.4985,1.0,0.3633875,-0.2269,0.384907436629,0.48829287048,0.281522002778,1316.32,1234.56,1260.34
2011-07-28,0.3784,0.3074,0.3142,1.0,0.3599625,0.0642,0.384907436629,0.48829287048,0.281522002778,1347.0,1303.49,1304.89
2011-07-21,0.3986,0.2954,0.3061,1.0001,0.3503875,0.0925,0.384907436629,0.48829287048,0.281522002778,1330.43,1295.92,1325.84
2011-07-14,0.3931,0.3145,0.2925,1.0001,0.332575,0.1006,0.384907436629,0.48829287048,0.281522002778,1356.48,1313.33,1317.72
2011-07-07,0.4177,0.3354,0.2468,0.9999,0.3168,0.1709,0.384907436629,0.48829287048,0.281522002778,1341.01,1334.3,1339.67
2011-06-30,0.3831,0.3149,0.3019,0.9999,0.30305,0.0812,0.384907436629,0.48829287048,0.281522002778,1309.21,1296.85,1307.41
2011-06-23,0.3746,0.268,0.3574,1.0,0.2994875,0.0172,0.384907436629,0.48829287048,0.281522002778,1298.61,1286.79,1295.52
2011-06-16,0.29,0.2825,0.4275,1.0,0.3000375,-0.1375,0.384907436629,0.48829287048,0.281522002778,1294.54,1279.63,1289.0
2011-06-09,0.2442,0.2791,0.4767,1.0,0.3039875,-0.2325,0.384907436629,0.48829287048,0.281522002778,1312.94,1297.9,1300.16
2011-06-02,0.3018,0.3639,0.3343,1.0,0.326275,-0.0325,0.384907436629,0.48829287048,0.281522002778,1345.2,1314.41,1314.55
2011-05-26,0.2561,0.3297,0.4142,1.0,0.3430375,-0.1581,0.384907436629,0.48829287048,0.281522002778,1346.82,1336.36,1343.6
2011-05-19,0.2669,0.3202,0.4129,1.0,0.3632875,-0.146,0.384907436629,0.48829287048,0.281522002778,1351.05,1333.36,1348.65
2011-05-12,0.3077,0.3373,0.355,1.0,0.3771,-0.0473,0.384907436629,0.48829287048,0.281522002778,1359.44,1348.34,1357.16
2011-05-05,0.3546,0.3267,0.3187,1.0,0.37425,0.0359,0.384907436629,0.48829287048,0.281522002778,1370.58,1358.69,1363.61
2011-04-28,0.379,0.3145,0.3065,1.0,0.3748875,0.0725,0.384907436629,0.48829287048,0.281522002778,1349.55,1336.75,1347.24
2011-04-21,0.3216,0.3684,0.3099,0.9999,0.3735,0.0117,0.384907436629,0.48829287048,0.281522002778,1332.66,1319.12,1330.36
2011-04-14,0.4225,0.2676,0.3099,1.0,0.3790875,0.1126,0.384907436629,0.48829287048,0.281522002778,1339.46,1309.19,1314.41
2011-04-07,0.4359,0.2756,0.2885,1.0,0.3845,0.1474,0.384907436629,0.48829287048,0.281522002778,1339.38,1328.89,1335.54
2011-03-31,0.4181,0.2712,0.3107,1.0,0.3917625,0.1074,0.384907436629,0.48829287048,0.281522002778,1331.74,1321.89,1328.26
2011-03-24,0.3774,0.2727,0.3497,0.9998,0.403925,0.0277,0.384907436629,0.48829287048,0.281522002778,1300.58,1292.7,1298.38
2011-03-17,0.2849,0.3139,0.4012,1.0,0.4093,-0.1163,0.384907436629,0.48829287048,0.281522002778,1315.72,1294.21,1304.28
2011-03-10,0.3597,0.3171,0.3232,1.0,0.437125,0.0365,0.384907436629,0.48829287048,0.281522002778,1332.28,1312.59,1321.82
2011-03-03,0.3679,0.3005,0.3316,1.0,0.4575875,0.0363,0.384907436629,0.48829287048,0.281522002778,1332.09,1320.55,1327.22
2011-02-24,0.3663,0.2723,0.3614,1.0,0.48145,0.0049,0.384907436629,0.48829287048,0.281522002778,1344.07,1338.12,1343.01
2011-02-17,0.4658,0.2785,0.2557,1.0,0.500175,0.2101,0.384907436629,0.48829287048,0.281522002778,1337.61,1329.51,1336.32
2011-02-10,0.494,0.2369,0.2691,1.0,0.52105,0.2249,0.384907436629,0.48829287048,0.281522002778,1324.87,1316.03,1324.57
2011-02-03,0.5154,0.2159,0.2687,1.0,0.5220875,0.2467,0.384907436629,0.48829287048,0.281522002778,1308.86,1275.1,1304.03
2011-01-27,0.4204,0.2367,0.3429,1.0,0.523975,0.0775,0.384907436629,0.48829287048,0.281522002778,1299.74,1291.97,1296.63
2011-01-20,0.5075,0.2015,0.291,1.0,0.5335,0.2165,0.384907436629,0.48829287048,0.281522002778,1296.06,1290.16,1295.02
2011-01-13,0.5234,0.2422,0.2344,1.0,0.5293125,0.289,0.384907436629,0.48829287048,0.281522002778,1286.87,1275.65,1285.96
2011-01-06,0.5588,0.2586,0.1825,0.9999,0.5138875,0.3763,0.384907436629,0.48829287048,0.281522002778,1277.63,1254.19,1276.56
2010-12-30,0.5161,0.2834,0.2005,1.0,0.5159875,0.3156,0.384907436629,0.48829287048,0.281522002778,1262.6,1258.78,1259.78
2010-12-23,0.6328,0.2031,0.164,0.9999,0.5117625,0.4688,0.384907436629,0.48829287048,0.281522002778,1259.39,1254.94,1258.84
2010-12-16,0.5023,0.2262,0.2715,1.0,0.4967,0.2308,0.384907436629,0.48829287048,0.281522002778,1246.72,1240.34,1241.59
2010-12-09,0.5305,0.2439,0.2256,1.0,0.4959375,0.3049,0.384907436629,0.48829287048,0.281522002778,1235.05,1186.6,1228.28
2010-12-02,0.4966,0.2414,0.2621,1.0001,0.4885,0.2345,0.384907436629,0.48829287048,0.281522002778,1207.61,1186.93,1206.07
2010-11-25,0.474,0.2792,0.2468,1.0,0.4877125,0.2272,0.384907436629,0.48829287048,0.281522002778,1200.29,1198.35,1199.73
2010-11-18,0.4,0.275,0.325,1.0,0.481625,0.075,0.384907436629,0.48829287048,0.281522002778,1226.84,1173.0,1223.25
2010-11-11,0.5756,0.1395,0.2849,1.0,0.4878375,0.2907,0.384907436629,0.48829287048,0.281522002778,1227.08,1220.29,1225.85
2010-11-04,0.4823,0.2199,0.2979,1.0001,0.4795,0.1844,0.384907436629,0.48829287048,0.281522002778,1213.05,1198.34,1197.96
2010-10-28,0.5123,0.2716,0.216,0.9999,0.47405,0.2963,0.384907436629,0.48829287048,0.281522002778,1189.53,1184.47,1182.45
2010-10-21,0.4962,0.2519,0.2519,1.0,0.4485125,0.2443,0.384907436629,0.48829287048,0.281522002778,1188.52,1179.82,1178.17
2010-10-14,0.471,0.2609,0.2681,1.0,0.4124125,0.2029,0.384907436629,0.48829287048,0.281522002778,1177.95,1174.04,1178.1
2010-10-07,0.4903,0.2323,0.2774,1.0,0.391175,0.2129,0.384907436629,0.48829287048,0.281522002778,1163.87,1156.5,1159.97
2010-09-30,0.4253,0.2586,0.3161,1.0,0.3795875,0.1092,0.384907436629,0.48829287048,0.281522002778,1157.16,1145.97,1144.73
2010-09-23,0.4497,0.2963,0.254,1.0,0.3644125,0.1957,0.384907436629,0.48829287048,0.281522002778,1132.97,1123.46,1134.24
2010-09-16,0.5089,0.2485,0.2426,1.0,0.3582,0.2663,0.384907436629,0.48829287048,0.281522002778,1123.89,1118.9,1125.07
2010-09-09,0.4387,0.2451,0.3161,0.9999,0.3347875,0.1226,0.384907436629,0.48829287048,0.281522002778,1103.26,1092.36,1091.84
2010-09-02,0.308,0.27,0.4221,1.0001,0.3291625,-0.1141,0.384907436629,0.48829287048,0.281522002778,1086.55,1080.39,1080.29
2010-08-26,0.2074,0.2979,0.4947,1.0,0.3168375,-0.2873,0.384907436629,0.48829287048,0.281522002778,1060.25,1055.38,1055.33
2010-08-19,0.3011,0.2742,0.4247,1.0,0.3217625,-0.1236,0.384907436629,0.48829287048,0.281522002778,1092.44,1077.35,1094.16
2010-08-12,0.3976,0.3012,0.3012,1.0,0.3272,0.0964,0.384907436629,0.48829287048,0.281522002778,1083.88,1076.69,1089.47
2010-08-05,0.3039,0.3137,0.3824,1.0,0.3305625,-0.0785,0.384907436629,0.48829287048,0.281522002778,1124.75,1118.81,1127.24
2010-07-29,0.4,0.2667,0.3333,1.0,0.335675,0.0667,0.384907436629,0.48829287048,0.281522002778,1115.9,1109.63,1106.13
2010-07-22,0.3216,0.2281,0.4503,1.0,0.3320375,-0.1287,0.384907436629,0.48829287048,0.281522002778,1094.59,1072.14,1069.59
2010-07-15,0.3937,0.2284,0.378,1.0001,0.329125,0.0157,0.384907436629,0.48829287048,0.281522002778,1095.17,1080.53,1095.17
2010-07-08,0.2094,0.2199,0.5707,1.0,0.3315375,-0.3613,0.384907436629,0.48829287048,0.281522002778,1071.25,1062.92,1060.27
2010-07-01,0.2468,0.3333,0.4199,1.0,0.3511125,-0.1731,0.384907436629,0.48829287048,0.281522002778,1033.58,1021.65,1030.71
2010-06-24,0.3446,0.3311,0.3243,1.0,0.369175,0.0203,0.384907436629,0.48829287048,0.281522002778,1090.93,1079.17,1092.04
2010-06-17,0.4245,0.2689,0.3066,1.0,0.3778,0.1179,0.384907436629,0.48829287048,0.281522002778,1117.72,1106.38,1114.61
2010-06-10,0.3448,0.2241,0.431,0.9999,0.3723875,-0.0862,0.384907436629,0.48829287048,0.281522002778,1083.05,1058.77,1055.69
2010-06-03,0.3709,0.2207,0.4085,1.0001,0.3898875,-0.0376,0.384907436629,0.48829287048,0.281522002778,1105.67,1098.82,1098.38
2010-05-27,0.2983,0.193,0.5088,1.0001,0.3971,-0.2105,0.384907436629,0.48829287048,0.281522002778,1089.6,1074.27,1067.95
2010-05-20,0.413,0.25,0.337,1.0,0.4114375,0.076,0.384907436629,0.48829287048,0.281522002778,1107.34,1088.33,1115.05
2010-05-13,0.366,0.268,0.366,1.0,0.4003,0.0,0.384907436629,0.48829287048,0.281522002778,1170.61,1164.48,1171.67
2010-05-06,0.3913,0.323,0.2857,1.0,0.3987625,0.1056,0.384907436629,0.48829287048,0.281522002778,1166.65,1161.74,1165.87
2010-04-29,0.4136,0.3,0.2864,1.0,0.4064625,0.1272,0.384907436629,0.48829287048,0.281522002778,1202.59,1193.3,1191.36
2010-04-22,0.3812,0.2762,0.3425,0.9999,0.3995875,0.0387,0.384907436629,0.48829287048,0.281522002778,1202.52,1190.19,1205.94
2010-04-15,0.4848,0.2182,0.297,1.0,0.39555,0.1878,0.384907436629,0.48829287048,0.281522002778,1210.77,1208.64,1210.65
2010-04-08,0.4286,0.2679,0.3036,1.0001,0.3797625,0.125,0.384907436629,0.48829287048,0.281522002778,1181.75,1175.12,1182.45
2010-04-01,0.413,0.2754,0.3116,1.0,0.372125,0.1014,0.384907436629,0.48829287048,0.281522002778,1181.43,1171.23,1169.43
2010-03-25,0.3239,0.3295,0.3466,1.0,0.3570375,-0.0227,0.384907436629,0.48829287048,0.281522002778,1176.71,1170.03,1167.72
2010-03-18,0.3537,0.3476,0.2988,1.0001,0.3603,0.0549,0.384907436629,0.48829287048,0.281522002778,1167.77,1165.07,1166.21
2010-03-11,0.4529,0.2941,0.2529,0.9999,0.3660875,0.2,0.384907436629,0.48829287048,0.281522002778,1143.96,1139.99,1145.61
2010-03-04,0.3586,0.3793,0.2621,1.0,0.368775,0.0965,0.384907436629,0.48829287048,0.281522002778,1121.67,1119.12,1118.79
2010-02-25,0.3489,0.3557,0.2953,0.9999,0.3752,0.0536,0.384907436629,0.48829287048,0.281522002778,1106.42,1106.42,1094.6
2010-02-18,0.3585,0.2893,0.3522,1.0,0.3930625,0.0063,0.384907436629,0.48829287048,0.281522002778,1102.4,1097.48,1099.51
2010-02-11,0.3675,0.2137,0.4188,1.0,0.39535,-0.0513,0.384907436629,0.48829287048,0.281522002778,1069.05,1060.59,1068.13
2010-02-04,0.2923,0.2769,0.4308,1.0,0.40205,-0.1385,0.384907436629,0.48829287048,0.281522002778,1097.25,1074.86,1097.28
2010-01-28,0.35,0.2833,0.3667,1.0,0.4188625,-0.0167,0.384907436629,0.48829287048,0.281522002778,1100.22,1092.63,1097.5
2010-01-21,0.4,0.2526,0.3474,1.0,0.4270875,0.0526,0.384907436629,0.48829287048,0.281522002778,1141.58,1136.52,1138.04
2010-01-14,0.4744,0.2564,0.2692,1.0,0.4291625,0.2052,0.384907436629,0.48829287048,0.281522002778,1147.93,1143.8,1145.68
2010-01-07,0.41,0.33,0.26,1.0,0.423275,0.15,0.384907436629,0.48829287048,0.281522002778,1136.27,1131.32,1137.14
2009-12-31,0.4918,0.2787,0.2295,1.0,0.420275,0.2623,0.384907436629,0.48829287048,0.281522002778,1129.43,1116.56,1115.1
2009-12-24,0.3768,0.2464,0.3768,1.0,0.386575,0.0,0.384907436629,0.48829287048,0.281522002778,1130.38,1126.17,1127.78
2009-12-17,0.4211,0.2947,0.2842,1.0,0.3815375,0.1369,0.384907436629,0.48829287048,0.281522002778,1106.36,1098.16,1109.18
2009-12-10,0.4268,0.2195,0.3537,1.0,0.3795,0.0731,0.384907436629,0.48829287048,0.281522002778,1106.25,1098.69,1095.95
2009-12-03,0.4158,0.2475,0.3366,0.9999,0.385275,0.0792,0.384907436629,0.48829287048,0.281522002778,1117.28,1109.24,1109.24
2009-11-26,0.4166,0.1666,0.4166,0.9998,0.3771625,0.0,0.384907436629,0.48829287048,0.281522002778,1105.47,1083.74,1110.63
2009-11-19,0.4273,0.2545,0.3182,1.0,0.379525,0.1091,0.384907436629,0.48829287048,0.281522002778,1106.44,1089.84,1109.8
2009-11-12,0.386,0.228,0.386,1.0,0.374975,0.0,0.384907436629,0.48829287048,0.281522002778,1105.37,1063.21,1098.51
2009-11-05,0.2222,0.2222,0.5556,1.0,0.3794,-0.3334,0.384907436629,0.48829287048,0.281522002778,1060.98,1047.3,1046.5
2009-10-29,0.3365,0.2404,0.4231,1.0,0.3982875,-0.0866,0.384907436629,0.48829287048,0.281522002778,1056.01,1043.69,1042.63
2009-10-22,0.4048,0.2381,0.3571,1.0,0.4036875,0.0477,0.384907436629,0.48829287048,0.281522002778,1101.36,1080.77,1081.4
2009-10-15,0.473,0.1892,0.3378,1.0,0.3955625,0.1352,0.384907436629,0.48829287048,0.281522002778,1090.89,1086.88,1092.02
2009-10-08,0.3509,0.2368,0.4123,1.0,0.379025,-0.0614,0.384907436629,0.48829287048,0.281522002778,1066.86,1060.03,1057.58
2009-10-01,0.4355,0.2097,0.3548,1.0,0.3989125,0.0807,0.384907436629,0.48829287048,0.281522002778,1054.91,1043.65,1057.08
2009-09-24,0.3909,0.1636,0.4455,1.0,0.406975,-0.0546,0.384907436629,0.48829287048,0.281522002778,1066.29,1051.04,1060.87
2009-09-17,0.4214,0.1786,0.4,1.0,0.4177,0.0214,0.384907436629,0.48829287048,0.281522002778,1074.77,1066.93,1068.76
2009-09-10,0.3733,0.1867,0.44,1.0,0.412025,-0.0667,0.384907436629,0.48829287048,0.281522002778,1033.94,1028.04,1033.37
2009-09-03,0.3797,0.2405,0.3797,0.9999,0.4012125,0.0,0.384907436629,0.48829287048,0.281522002778,1001.46,996.12,994.75
2009-08-27,0.3398,0.1748,0.4854,1.0,0.3886375,-0.1456,0.384907436629,0.48829287048,0.281522002778,1027.81,1016.83,1028.12
2009-08-20,0.3407,0.2593,0.4,1.0,0.3934625,-0.0593,0.384907436629,0.48829287048,0.281522002778,1004.08,996.39,996.46
2009-08-13,0.51,0.16,0.33,1.0,0.385875,0.18,0.384907436629,0.48829287048,0.281522002778,1009.54,1000.82,1005.81
2009-08-06,0.5,0.1484,0.3516,1.0,0.3637875,0.1484,0.384907436629,0.48829287048,0.281522002778,1008.0,997.59,1002.72
2009-07-30,0.4767,0.2093,0.314,1.0,0.35035,0.1627,0.384907436629,0.48829287048,0.281522002778,994.95,976.01,975.15
2009-07-23,0.376,0.2,0.424,1.0,0.3502125,-0.048,0.384907436629,0.48829287048,0.281522002778,962.37,953.27,954.07
2009-07-16,0.2868,0.2426,0.4706,1.0,0.353675,-0.1838,0.384907436629,0.48829287048,0.281522002778,934.31,928.04,932.68
2009-07-09,0.2791,0.1744,0.5465,1.0,0.359975,-0.2674,0.384907436629,0.48829287048,0.281522002778,886.01,879.35,879.56
2009-07-02,0.3784,0.1757,0.4459,1.0,0.37985,-0.0675,0.384907436629,0.48829287048,0.281522002778,921.24,903.22,923.33
2009-06-25,0.28,0.232,0.488,1.0,0.3876625,-0.208,0.384907436629,0.48829287048,0.281522002778,908.84,896.27,900.94
2009-06-18,0.3333,0.2024,0.4643,1.0,0.397775,-0.131,0.384907436629,0.48829287048,0.281522002778,914.05,907.94,910.71
2009-06-11,0.3925,0.215,0.3925,1.0,0.3958875,0.0,0.384907436629,0.48829287048,0.281522002778,950.13,939.04,939.15
2009-06-04,0.4756,0.1585,0.3659,1.0,0.402,0.1097,0.384907436629,0.48829287048,0.281522002778,936.22,931.29,931.76
2009-05-28,0.4037,0.1101,0.4862,1.0,0.3871875,-0.0825,0.384907436629,0.48829287048,0.281522002778,903.06,887.6,893.06
2009-05-21,0.3372,0.2093,0.4535,1.0,0.39005,-0.1163,0.384907436629,0.48829287048,0.281522002778,900.42,884.06,903.47
2009-05-14,0.4381,0.2095,0.3524,1.0,0.3968125,0.0857,0.384907436629,0.48829287048,0.281522002778,890.1,882.52,883.92
2009-05-07,0.4409,0.2258,0.3333,1.0,0.398375,0.1076,0.384907436629,0.48829287048,0.281522002778,929.58,919.58,919.53
2009-04-30,0.3609,0.203,0.4361,1.0,0.3778125,-0.0752,0.384907436629,0.48829287048,0.281522002778,887.47,876.59,873.64
2009-04-23,0.3182,0.2955,0.3864,1.0001,0.35635,-0.0682,0.384907436629,0.48829287048,0.281522002778,848.22,835.45,843.55
2009-04-16,0.4414,0.2,0.3586,1.0,0.34695,0.0828,0.384907436629,0.48829287048,0.281522002778,852.93,835.58,841.5
2009-04-09,0.3571,0.2,0.4429,1.0,0.318825,-0.0858,0.384907436629,0.48829287048,0.281522002778,850.8,829.29,825.16
2009-04-02,0.4266,0.2028,0.3706,1.0,0.315325,0.056,0.384907436629,0.48829287048,0.281522002778,835.91,814.53,811.08
2009-03-26,0.3913,0.1848,0.4239,1.0,0.2927875,-0.0326,0.384907436629,0.48829287048,0.281522002778,826.76,814.06,813.88
2009-03-19,0.4506,0.1667,0.3827,1.0,0.2754625,0.0679,0.384907436629,0.48829287048,0.281522002778,803.24,788.87,794.35
2009-03-12,0.2764,0.1789,0.5447,1.0,0.25315,-0.2683,0.384907436629,0.48829287048,0.281522002778,727.47,714.76,721.36
2009-03-05,0.1892,0.1081,0.7027,1.0,0.2531375,-0.5135,0.384907436629,0.48829287048,0.281522002778,708.27,696.27,712.87
2009-02-26,0.243,0.2056,0.5514,1.0,0.2903625,-0.3084,0.384907436629,0.48829287048,0.281522002778,779.42,765.76,764.9
2009-02-19,0.2164,0.2164,0.5672,1.0,0.2899875,-0.3508,0.384907436629,0.48829287048,0.281522002778,797.58,787.91,788.42
2009-02-12,0.3291,0.2785,0.3924,1.0,0.299125,-0.0633,0.384907436629,0.48829287048,0.281522002778,829.91,811.35,833.74
2009-02-05,0.2463,0.3134,0.4403,1.0,0.30765,-0.194,0.384907436629,0.48829287048,0.281522002778,832.63,819.91,832.23
2009-01-29,0.2527,0.2747,0.4725,0.9999,0.3237375,-0.2198,0.384907436629,0.48829287048,0.281522002778,868.89,854.37,874.09
2009-01-22,0.2721,0.2647,0.4632,1.0,0.3254875,-0.1911,0.384907436629,0.48829287048,0.281522002778,839.74,816.69,840.24
2009-01-15,0.2763,0.25,0.4737,1.0,0.3305375,-0.1974,0.384907436629,0.48829287048,0.281522002778,842.05,825.53,842.62
2009-01-08,0.487,0.1623,0.3506,0.9999,0.3264625,0.1364,0.384907436629,0.48829287048,0.281522002778,907.64,896.81,906.65
2009-01-01,0.24,0.2133,0.5467,1.0,0.3135,-0.3067,0.384907436629,0.48829287048,0.281522002778,934.73,899.35,903.25
2008-12-25,0.2895,0.2719,0.4386,1.0,0.3395375,-0.1491,0.384907436629,0.48829287048,0.281522002778,873.7,868.5,872.8
2008-12-18,0.3973,0.2466,0.3562,1.0001,0.349775,0.0411,0.384907436629,0.48829287048,0.281522002778,910.01,900.1,904.42
2008-12-11,0.375,0.2266,0.3984,1.0,0.3485375,-0.0234,0.384907436629,0.48829287048,0.281522002778,899.95,885.94,899.24
2008-12-04,0.2667,0.2556,0.4778,1.0001,0.3528375,-0.2111,0.384907436629,0.48829287048,0.281522002778,872.89,858.55,870.74
2008-11-27,0.3125,0.2386,0.4489,1.0,0.3588375,-0.1364,0.384907436629,0.48829287048,0.281522002778,896.25,881.21,887.68
2008-11-20,0.2437,0.1849,0.5714,1.0,0.3614375,-0.3277,0.384907436629,0.48829287048,0.281522002778,805.87,776.79,806.58
2008-11-13,0.3833,0.1917,0.425,1.0,0.373525,-0.0417,0.384907436629,0.48829287048,0.281522002778,865.07,847.4,852.3
2008-11-06,0.4483,0.2184,0.3333,1.0,0.359625,0.115,0.384907436629,0.48829287048,0.281522002778,952.4,934.13,952.77
2008-10-30,0.3714,0.2229,0.4057,1.0,0.340175,-0.0343,0.384907436629,0.48829287048,0.281522002778,963.23,939.38,930.09
2008-10-23,0.3874,0.2252,0.3874,1.0,0.34005,0.0,0.384907436629,0.48829287048,0.281522002778,909.8,883.8,896.78
2008-10-16,0.4094,0.193,0.3977,1.0001,0.329975,0.0117,0.384907436629,0.48829287048,0.281522002778,924.87,888.17,907.84
2008-10-09,0.3147,0.0769,0.6084,1.0,0.326425,-0.2937,0.384907436629,0.48829287048,0.281522002778,1005.25,986.53,984.94
2008-10-02,0.3333,0.1167,0.55,1.0,0.3406625,-0.2167,0.384907436629,0.48829287048,0.281522002778,1160.64,1132.46,1161.06
2008-09-25,0.3404,0.2021,0.4574,0.9999,0.3435125,-0.117,0.384907436629,0.48829287048,0.281522002778,1212.77,1187.87,1185.87
2008-09-18,0.2721,0.1837,0.5442,1.0,0.3509625,-0.2721,0.384907436629,0.48829287048,0.281522002778,1184.22,1157.08,1156.39
2008-09-11,0.2927,0.1585,0.5488,1.0,0.361725,-0.2561,0.384907436629,0.48829287048,0.281522002778,1274.66,1221.73,1232.04
2008-09-04,0.3704,0.1975,0.4321,1.0,0.3563875,-0.0617,0.384907436629,0.48829287048,0.281522002778,1271.8,1253.12,1274.98
2008-08-28,0.3068,0.2386,0.4545,0.9999,0.3378,-0.1477,0.384907436629,0.48829287048,0.281522002778,1291.7,1283.79,1281.66
2008-08-21,0.381,0.246,0.373,1.0,0.3293625,0.008,0.384907436629,0.48829287048,0.281522002778,1300.15,1261.31,1274.54
2008-08-14,0.4286,0.1818,0.3896,1.0,0.3208,0.039,0.384907436629,0.48829287048,0.281522002778,1285.58,1276.84,1285.83
2008-08-07,0.3561,0.2197,0.4242,1.0,0.30845,-0.0681,0.384907436629,0.48829287048,0.281522002778,1278.81,1273.06,1289.19
2008-07-31,0.4,0.1882,0.4118,1.0,0.303,-0.0118,0.384907436629,0.48829287048,0.281522002778,1281.59,1273.5,1284.26
2008-07-24,0.3582,0.2014,0.4403,0.9999,0.30735,-0.0821,0.384907436629,0.48829287048,0.281522002778,1283.22,1276.01,1282.19
2008-07-17,0.25,0.1686,0.5814,1.0,0.301775,-0.3314,0.384907436629,0.48829287048,0.281522002778,1258.72,1246.31,1245.36
2008-07-10,0.2217,0.2266,0.5517,1.0,0.3284,-0.33,0.384907436629,0.48829287048,0.281522002778,1252.39,1243.32,1244.69
2008-07-03,0.2393,0.2393,0.5214,1.0,0.3571375,-0.2821,0.384907436629,0.48829287048,0.281522002778,1269.81,1255.69,1261.52
2008-06-26,0.3125,0.1648,0.5227,1.0,0.3932375,-0.2102,0.384907436629,0.48829287048,0.281522002778,1316.29,1306.14,1321.97
2008-06-19,0.3298,0.2128,0.4574,1.0,0.4207875,-0.1276,0.384907436629,0.48829287048,0.281522002778,1341.27,1334.04,1337.81
2008-06-12,0.3125,0.1518,0.5357,1.0,0.4379,-0.2232,0.384907436629,0.48829287048,0.281522002778,1353.03,1335.78,1335.49
2008-06-05,0.4348,0.1848,0.3804,1.0,0.4368,0.0544,0.384907436629,0.48829287048,0.281522002778,1393.32,1377.48,1377.2
2008-05-29,0.3136,0.2288,0.4576,1.0,0.43965,-0.144,0.384907436629,0.48829287048,0.281522002778,1393.49,1388.59,1390.84
2008-05-22,0.463,0.1944,0.3426,1.0,0.446325,0.1204,0.384907436629,0.48829287048,0.281522002778,1396.2,1390.7,1390.71
2008-05-15,0.4516,0.2516,0.2968,1.0,0.44045,0.1548,0.384907436629,0.48829287048,0.281522002778,1412.29,1406.87,1408.66
2008-05-08,0.5281,0.2247,0.2472,1.0,0.4155125,0.2809,0.384907436629,0.48829287048,0.281522002778,1394.29,1399.18,1389.39
2008-05-01,0.5329,0.2039,0.2632,1.0,0.375025,0.2697,0.384907436629,0.48829287048,0.281522002778,1404.57,1384.25,1385.59
2008-04-24,0.4667,0.2583,0.275,1.0,0.3358875,0.1917,0.384907436629,0.48829287048,0.281522002778,1387.87,1372.24,1379.93
2008-04-17,0.3037,0.2094,0.4869,1.0,0.3204375,-0.1832,0.384907436629,0.48829287048,0.281522002778,1365.49,1337.02,1364.71
2008-04-10,0.4576,0.1695,0.3729,1.0,0.32395,0.0847,0.384907436629,0.48829287048,0.281522002778,1368.08,1350.25,1354.49
2008-04-03,0.367,0.2394,0.3936,1.0,0.3084125,-0.0266,0.384907436629,0.48829287048,0.281522002778,1377.95,1361.55,1367.53
2008-03-27,0.416,0.248,0.336,1.0,0.305175,0.08,0.384907436629,0.48829287048,0.281522002778,1352.45,1336.41,1341.13
2008-03-20,0.2521,0.2051,0.5427,0.9999,0.290775,-0.2906,0.384907436629,0.48829287048,0.281522002778,1341.51,1298.42,1298.42
2008-03-13,0.2042,0.2042,0.5915,0.9999,0.2906875,-0.3873,0.384907436629,0.48829287048,0.281522002778,1333.26,1307.86,1308.77
2008-03-06,0.2198,0.2637,0.5165,1.0,0.2955375,-0.2967,0.384907436629,0.48829287048,0.281522002778,1344.19,1320.22,1333.7
2008-02-28,0.3431,0.2044,0.4526,1.0001,0.2926,-0.1095,0.384907436629,0.48829287048,0.281522002778,1388.34,1372.0,1380.02
2008-02-21,0.3318,0.2212,0.447,1.0,0.28185,-0.1152,0.384907436629,0.48829287048,0.281522002778,1367.28,1345.05,1348.78
2008-02-14,0.3333,0.2481,0.4186,1.0,0.277875,-0.0853,0.384907436629,0.48829287048,0.281522002778,1369.23,1350.78,1367.21
2008-02-07,0.3411,0.1869,0.472,1.0,0.281025,-0.1309,0.384907436629,0.48829287048,0.281522002778,1351.96,1324.34,1326.45
2008-01-31,0.3008,0.2105,0.4887,1.0,0.2979125,-0.1879,0.384907436629,0.48829287048,0.281522002778,1385.86,1352.95,1355.81
2008-01-24,0.2514,0.1585,0.5902,1.0001,0.311125,-0.3388,0.384907436629,0.48829287048,0.281522002778,1338.82,1269.87,1338.6
2008-01-17,0.243,0.213,0.5444,1.0004,0.3154125,-0.3014,0.384907436629,0.48829287048,0.281522002778,1391.99,1364.27,1373.2
2008-01-10,0.1963,0.215,0.5888,1.0001,0.3170125,-0.3925,0.384907436629,0.48829287048,0.281522002778,1409.2,1379.23,1409.13
2008-01-03,0.2571,0.1905,0.5524,1.0,0.3337375,-0.2953,0.384907436629,0.48829287048,0.281522002778,1455.74,1447.37,1450.38
2007-12-27,0.3,0.2,0.5,1.0,0.3468375,-0.2,0.384907436629,0.48829287048,0.281522002778,1497.63,1484.55,1496.45
2007-12-20,0.3585,0.1698,0.4717,1.0,0.365225,-0.1132,0.384907436629,0.48829287048,0.281522002778,1464.4,1445.49,1453.0
2007-12-13,0.4762,0.1667,0.3571,1.0,0.359475,0.1191,0.384907436629,0.48829287048,0.281522002778,1485.4,1472.4,1479.66
2007-12-06,0.4065,0.1951,0.3984,1.0,0.3524,0.0081,0.384907436629,0.48829287048,0.281522002778,1485.85,1462.06,1485.01
2007-11-29,0.2857,0.1531,0.5612,1.0,0.3698875,-0.2755,0.384907436629,0.48829287048,0.281522002778,1471.44,1427.78,1469.02
2007-11-22,0.2558,0.2171,0.5271,1.0,0.3989375,-0.2713,0.384907436629,0.48829287048,0.281522002778,1439.62,1415.73,1416.77
2007-11-15,0.3301,0.1748,0.4951,1.0,0.428675,-0.165,0.384907436629,0.48829287048,0.281522002778,1491.51,1466.99,1470.58
2007-11-08,0.3619,0.1238,0.5143,1.0,0.4364625,-0.1524,0.384907436629,0.48829287048,0.281522002778,1519.49,1475.08,1475.62
2007-11-01,0.4471,0.1882,0.3647,1.0,0.441225,0.0824,0.384907436629,0.48829287048,0.281522002778,1551.91,1529.42,1549.38
2007-10-25,0.3125,0.2054,0.4821,1.0,0.4333125,-0.1696,0.384907436629,0.48829287048,0.281522002778,1519.57,1489.74,1515.88
2007-10-18,0.4196,0.2232,0.3571,0.9999,0.444625,0.0625,0.384907436629,0.48829287048,0.281522002778,1550.38,1526.46,1541.24
2007-10-11,0.5464,0.1959,0.2577,1.0,0.443775,0.2887,0.384907436629,0.48829287048,0.281522002778,1565.22,1555.62,1562.47
2007-10-04,0.5181,0.2289,0.253,1.0,0.42825,0.2651,0.384907436629,0.48829287048,0.281522002778,1546.33,1536.43,1539.59
2007-09-27,0.4937,0.1646,0.3418,1.0001,0.4206875,0.1519,0.384907436629,0.48829287048,0.281522002778,1529.17,1516.96,1525.42
2007-09-20,0.3924,0.2911,0.3165,1.0,0.416325,0.0759,0.384907436629,0.48829287048,0.281522002778,1538.69,1519.75,1529.03
2007-09-13,0.4,0.2471,0.3529,1.0,0.4225375,0.0471,0.384907436629,0.48829287048,0.281522002778,1479.19,1465.69,1471.56
2007-09-06,0.3838,0.1919,0.4242,0.9999,0.42475,-0.0404,0.384907436629,0.48829287048,0.281522002778,1488.76,1466.37,1472.29
2007-08-30,0.403,0.1343,0.4627,1.0,0.431325,-0.0597,0.384907436629,0.48829287048,0.281522002778,1463.76,1432.01,1463.76
2007-08-23,0.4128,0.156,0.4312,1.0,0.43575,-0.0184,0.384907436629,0.48829287048,0.281522002778,1464.48,1447.03,1464.07
2007-08-16,0.4222,0.1222,0.4556,1.0,0.432925,-0.0334,0.384907436629,0.48829287048,0.281522002778,1440.78,1404.36,1406.7
2007-08-09,0.4576,0.1525,0.3898,0.9999,0.4341,0.0678,0.384907436629,0.48829287048,0.281522002778,1503.89,1476.22,1497.49
2007-08-02,0.4588,0.1412,0.4,1.0,0.423525,0.0588,0.384907436629,0.48829287048,0.281522002778,1463.3,1443.68,1451.59
2007-07-26,0.4421,0.1895,0.3684,1.0,0.4169125,0.0737,0.384907436629,0.48829287048,0.281522002778,1524.31,1504.87,1517.91
2007-07-19,0.4177,0.2152,0.3671,1.0,0.4033125,0.0506,0.384907436629,0.48829287048,0.281522002778,1549.2,1533.67,1546.17
2007-07-12,0.4364,0.2636,0.3,1.0,0.3977875,0.1364,0.384907436629,0.48829287048,0.281522002778,1519.34,1506.1,1518.76
2007-07-05,0.4384,0.2329,0.3288,1.0001,0.391225,0.1096,0.384907436629,0.48829287048,0.281522002778,1526.01,1519.12,1524.87
2007-06-28,0.3902,0.252,0.3577,0.9999,0.39,0.0325,0.384907436629,0.48829287048,0.281522002778,1515.7,1492.65,1515.67
2007-06-21,0.4316,0.2316,0.3368,1.0,0.3769375,0.0948,0.384907436629,0.48829287048,0.281522002778,1537.32,1512.36,1512.84
2007-06-14,0.373,0.1905,0.4365,1.0,0.3720375,-0.0635,0.384907436629,0.48829287048,0.281522002778,1515.7,1492.65,1515.67
2007-06-07,0.4059,0.1683,0.4257,0.9999,0.3840875,-0.0198,0.384907436629,0.48829287048,0.281522002778,1530.57,1514.13,1517.38
2007-05-31,0.3333,0.2188,0.4479,1.0,0.3844125,-0.1146,0.384907436629,0.48829287048,0.281522002778,1530.23,1510.06,1530.23
2007-05-24,0.3735,0.241,0.3855,1.0,0.383075,-0.012,0.384907436629,0.48829287048,0.281522002778,1532.43,1521.9,1522.28
2007-05-17,0.3839,0.25,0.3661,1.0,0.3897375,0.0178,0.384907436629,0.48829287048,0.281522002778,1514.15,1500.75,1514.14
2007-05-10,0.4286,0.1429,0.4286,1.0001,0.3966,0.0,0.384907436629,0.48829287048,0.281522002778,1513.8,1503.77,1512.58
2007-05-03,0.2857,0.1714,0.5429,1.0,0.3842625,-0.2572,0.384907436629,0.48829287048,0.281522002778,1499.1,1486.13,1495.92
2007-04-26,0.3924,0.2278,0.3797,0.9999,0.3933,0.0127,0.384907436629,0.48829287048,0.281522002778,1496.59,1480.28,1495.42
2007-04-19,0.4694,0.2347,0.2959,1.0,0.3900375,0.1735,0.384907436629,0.48829287048,0.281522002778,1476.57,1466.41,1472.5
2007-04-12,0.4085,0.2113,0.3803,1.0001,0.398675,0.0282,0.384907436629,0.48829287048,0.281522002778,1448.39,1436.15,1438.87
2007-04-05,0.3226,0.2796,0.3978,1.0,0.407075,-0.0752,0.384907436629,0.48829287048,0.281522002778,1440.16,1435.08,1439.37
2007-03-29,0.4268,0.3171,0.2561,1.0,0.4244375,0.1707,0.384907436629,0.48829287048,0.281522002778,1426.24,1413.27,1422.53
2007-03-22,0.4388,0.2302,0.3309,0.9999,0.4289875,0.1079,0.384907436629,0.48829287048,0.281522002778,1436.8,1429.88,1431.64
2007-03-15,0.3299,0.2165,0.4536,1.0,0.423525,-0.1237,0.384907436629,0.48829287048,0.281522002778,1395.73,1385.16,1392.28
2007-03-08,0.358,0.1932,0.4489,1.0001,0.4545125,-0.0909,0.384907436629,0.48829287048,0.281522002778,1407.72,1391.88,1406.18
2007-03-01,0.3663,0.2376,0.396,0.9999,0.4653125,-0.0297,0.384907436629,0.48829287048,0.281522002778,1408.17,1380.87,1406.01
2007-02-22,0.5385,0.2385,0.2231,1.0001,0.48095,0.3154,0.384907436629,0.48829287048,0.281522002778,1461.57,1457.29,1459.85
2007-02-15,0.4757,0.2136,0.3107,1.0,0.4711375,0.165,0.384907436629,0.48829287048,0.281522002778,1457.97,1453.19,1456.81
2007-02-08,0.4615,0.2385,0.3,1.0,0.460525,0.1615,0.384907436629,0.48829287048,0.281522002778,1452.99,1446.44,1450.02
2007-02-01,0.4632,0.2316,0.3053,1.0001,0.4545,0.1579,0.384907436629,0.48829287048,0.281522002778,1446.64,1437.9,1445.94
2007-01-25,0.3951,0.2716,0.3333,1.0,0.445275,0.0618,0.384907436629,0.48829287048,0.281522002778,1440.69,1434.56,1436.31
2007-01-18,0.5778,0.1515,0.2727,1.002,0.4461625,0.3051,0.384907436629,0.48829287048,0.281522002778,1432.96,1424.21,1426.37
2007-01-11,0.4444,0.213,0.3426,1.0,0.4263625,0.1018,0.384907436629,0.48829287048,0.281522002778,1418.84,1414.84,1418.78
2007-01-04,0.4914,0.2155,0.2931,1.0,0.4290125,0.1983,0.384907436629,0.48829287048,0.281522002778,1421.84,1408.22,1418.34
2006-12-28,0.46,0.18,0.36,1.0,0.4308375,0.1,0.384907436629,0.48829287048,0.281522002778,1427.26,1422.05,1424.73
2006-12-21,0.3908,0.1839,0.4253,1.0,0.428025,-0.0345,0.384907436629,0.48829287048,0.281522002778,1426.4,1423.2,1425.84
2006-12-14,0.4133,0.2067,0.38,1.0,0.4443875,0.0333,0.384907436629,0.48829287048,0.281522002778,1424.64,1413.16,1422.34
2006-12-07,0.3894,0.1947,0.4159,1.0,0.460475,-0.0265,0.384907436629,0.48829287048,0.281522002778,1415.93,1396.67,1412.9
2006-11-30,0.4022,0.1229,0.4749,1.0,0.473025,-0.0727,0.384907436629,0.48829287048,0.281522002778,1402.67,1394.85,1395.97
2006-11-23,0.4194,0.1613,0.4194,1.0001,0.469975,0.0,0.384907436629,0.48829287048,0.281522002778,1407.89,1402.26,1406.09
2006-11-16,0.4656,0.229,0.3053,0.9999,0.4817,0.1603,0.384907436629,0.48829287048,0.281522002778,1401.79,1396.53,1400.08
2006-11-09,0.506,0.2289,0.2651,1.0,0.4831875,0.2409,0.384907436629,0.48829287048,0.281522002778,1388.92,1377.37,1378.33
2006-11-02,0.4375,0.1938,0.3688,1.0001,0.479875,0.0687,0.384907436629,0.48829287048,0.281522002778,1367.44,1362.21,1366.31
2006-10-26,0.5217,0.1739,0.3043,0.9999,0.478925,0.2174,0.384907436629,0.48829287048,0.281522002778,1386.53,1379.47,1385.15
2006-10-19,0.542,0.1603,0.2977,1.0,0.465675,0.2443,0.384907436629,0.48829287048,0.281522002778,1368.09,1362.06,1366.96
2006-10-12,0.4898,0.1327,0.3776,1.0001,0.4471125,0.1122,0.384907436629,0.48829287048,0.281522002778,1359.05,1349.94,1357.88
2006-10-05,0.3778,0.1556,0.4667,1.0001,0.42405,-0.0889,0.384907436629,0.48829287048,0.281522002778,1351.57,1347.75,1348.56
2006-09-28,0.5132,0.1579,0.3289,1.0,0.4225625,0.1843,0.384907436629,0.48829287048,0.281522002778,1339.73,1334.75,1336.87
2006-09-21,0.4775,0.1802,0.3423,1.0,0.3977375,0.1352,0.384907436629,0.48829287048,0.281522002778,1328.19,1322.59,1326.9
2006-09-14,0.4795,0.137,0.3836,1.0001,0.38165,0.0959,0.384907436629,0.48829287048,0.281522002778,1318.0,1313.25,1316.28
2006-09-07,0.4299,0.271,0.2991,1.0,0.351525,0.1308,0.384907436629,0.48829287048,0.281522002778,1301.25,1292.13,1297.79
2006-08-31,0.4157,0.3258,0.2584,0.9999,0.3434125,0.1573,0.384907436629,0.48829287048,0.281522002778,1305.5,1302.45,1302.93
2006-08-24,0.3935,0.2323,0.3742,1.0,0.338575,0.0193,0.384907436629,0.48829287048,0.281522002778,1297.23,1291.49,1291.94
2006-08-17,0.3053,0.3368,0.3579,1.0,0.3376375,-0.0526,0.384907436629,0.48829287048,0.281522002778,1296.31,1292.71,1294.21
2006-08-10,0.3659,0.2195,0.4146,1.0,0.342475,-0.0487,0.384907436629,0.48829287048,0.281522002778,1272.55,1261.3,1271.81
2006-08-03,0.3146,0.2135,0.4719,1.0,0.32975,-0.1573,0.384907436629,0.48829287048,0.281522002778,1283.96,1271.25,1280.27
2006-07-27,0.3488,0.2209,0.4302,0.9999,0.3232125,-0.0814,0.384907436629,0.48829287048,0.281522002778,1273.89,1240.25,1268.4
2006-07-20,0.2385,0.1835,0.578,1.0,0.318075,-0.3395,0.384907436629,0.48829287048,0.281522002778,1262.56,1253.13,1255.69
2006-07-13,0.365,0.2409,0.3942,1.0001,0.3295625,-0.0292,0.384907436629,0.48829287048,0.281522002778,1258.58,1241.43,1242.28
2006-07-06,0.377,0.1967,0.4262,0.9999,0.333175,-0.0492,0.384907436629,0.48829287048,0.281522002778,1278.32,1270.58,1274.08
2006-06-29,0.386,0.2164,0.3977,1.0001,0.354675,-0.0117,0.384907436629,0.48829287048,0.281522002778,1257.29,1245.94,1255.88
2006-06-22,0.344,0.24,0.416,1.0,0.3637875,-0.072,0.384907436629,0.48829287048,0.281522002778,1251.92,1241.53,1244.7
2006-06-15,0.2641,0.1861,0.5498,1.0,0.373425,-0.2857,0.384907436629,0.48829287048,0.281522002778,1243.59,1230.01,1243.04
2006-06-08,0.2623,0.2869,0.4508,1.0,0.382575,-0.1885,0.384907436629,0.48829287048,0.281522002778,1257.07,1249.43,1249.72
2006-06-01,0.3077,0.1923,0.5,1.0,0.4064875,-0.1923,0.384907436629,0.48829287048,0.281522002778,1285.71,1269.19,1285.71
2006-05-25,0.3304,0.2143,0.4554,1.0001,0.4276125,-0.125,0.384907436629,0.48829287048,0.281522002778,1264.53,1245.34,1258.57
2006-05-18,0.3939,0.1697,0.4364,1.0,0.432825,-0.0425,0.384907436629,0.48829287048,0.281522002778,1291.73,1267.31,1270.32
2006-05-11,0.549,0.1765,0.2745,1.0,0.438275,0.2745,0.384907436629,0.48829287048,0.281522002778,1326.7,1317.44,1322.85
2006-05-04,0.4589,0.2055,0.3356,1.0,0.4278375,0.1233,0.384907436629,0.48829287048,0.281522002778,1317.21,1303.46,1308.12
2006-04-27,0.4211,0.2193,0.3596,1.0,0.4219875,0.0615,0.384907436629,0.48829287048,0.281522002778,1316.04,1295.57,1310.61
2006-04-20,0.3373,0.2544,0.4083,1.0,0.420525,-0.071,0.384907436629,0.48829287048,0.281522002778,1310.39,1280.74,1309.93
2006-04-13,0.4536,0.268,0.2784,1.0,0.432375,0.1752,0.384907436629,0.48829287048,0.281522002778,1300.74,1282.96,1288.12
2006-04-06,0.4767,0.2907,0.2326,1.0,0.4259,0.2441,0.384907436629,0.48829287048,0.281522002778,1312.81,1294.71,1311.56
2006-03-30,0.3721,0.3023,0.3256,1.0,0.41655,0.0465,0.384907436629,0.48829287048,0.281522002778,1306.24,1291.84,1302.89
2006-03-23,0.4375,0.2875,0.275,1.0,0.4259125,0.1625,0.384907436629,0.48829287048,0.281522002778,1310.88,1295.81,1305.04
2006-03-16,0.4655,0.2069,0.3276,1.0,0.4096875,0.1379,0.384907436629,0.48829287048,0.281522002778,1304.4,1281.58,1303.02
2006-03-09,0.4121,0.2802,0.3077,1.0,0.414,0.1044,0.384907436629,0.48829287048,0.281522002778,1288.23,1268.42,1278.47
2006-03-02,0.4094,0.2992,0.2913,0.9999,0.4361875,0.1181,0.384907436629,0.48829287048,0.281522002778,1297.57,1278.66,1291.24
2006-02-23,0.4321,0.284,0.284,1.0001,0.4217,0.1481,0.384907436629,0.48829287048,0.281522002778,1294.17,1281.33,1292.67
2006-02-16,0.4018,0.2411,0.3571,1.0,0.4143125,0.0447,0.384907436629,0.48829287048,0.281522002778,1281.0,1258.34,1280.0
2006-02-09,0.4019,0.2523,0.3458,1.0,0.415375,0.0561,0.384907436629,0.48829287048,0.281522002778,1267.04,1253.61,1265.65
2006-02-02,0.447,0.2197,0.3333,1.0,0.422825,0.1137,0.384907436629,0.48829287048,0.281522002778,1287.94,1276.85,1282.46
2006-01-26,0.3077,0.359,0.3333,1.0,0.4287875,-0.0256,0.384907436629,0.48829287048,0.281522002778,1286.38,1259.42,1283.72
2006-01-19,0.5,0.2417,0.2583,1.0,0.4559125,0.2417,0.384907436629,0.48829287048,0.281522002778,1287.61,1272.08,1277.93
2006-01-12,0.5896,0.2197,0.1908,1.0001,0.465075,0.3988,0.384907436629,0.48829287048,0.281522002778,1294.9,1283.76,1294.18
2006-01-05,0.2935,0.3043,0.4022,1.0,0.4584125,-0.1087,0.384907436629,0.48829287048,0.281522002778,1275.37,1245.74,1273.46
2005-12-29,0.373,0.2619,0.3651,1.0,0.495,0.0079,0.384907436629,0.48829287048,0.281522002778,1271.83,1256.54,1258.17
2005-12-22,0.4103,0.3077,0.2821,1.0001,0.5020625,0.1282,0.384907436629,0.48829287048,0.281522002778,1270.51,1257.21,1268.66
2005-12-15,0.4615,0.3173,0.2212,1.0,0.4908375,0.2403,0.384907436629,0.48829287048,0.281522002778,1272.11,1255.52,1267.43
2005-12-08,0.4947,0.3158,0.1895,1.0,0.4870375,0.3052,0.384907436629,0.48829287048,0.281522002778,1272.89,1253.02,1257.37
2005-12-01,0.5247,0.2407,0.2346,1.0,0.4739,0.2901,0.384907436629,0.48829287048,0.281522002778,1268.44,1249.39,1249.48
2005-11-24,0.5733,0.2667,0.16,1.0,0.4708125,0.4133,0.384907436629,0.48829287048,0.281522002778,1270.64,1259.51,1265.61
2005-11-17,0.5363,0.2458,0.2179,1.0,0.439,0.3184,0.384907436629,0.48829287048,0.281522002778,1235.7,1215.05,1234.72
2005-11-10,0.5862,0.1839,0.2299,1.0,0.4213,0.3563,0.384907436629,0.48829287048,0.281522002778,1226.59,1216.08,1220.65
2005-11-03,0.4295,0.2949,0.2756,1.0,0.4123125,0.1539,0.384907436629,0.48829287048,0.281522002778,1215.17,1198.41,1214.76
2005-10-27,0.3205,0.2179,0.4615,0.9999,0.4115125,-0.141,0.384907436629,0.48829287048,0.281522002778,1204.01,1179.59,1191.38
2005-10-20,0.4311,0.2096,0.3593,1.0,0.41115,0.0718,0.384907436629,0.48829287048,0.281522002778,1195.76,1170.55,1195.76
2005-10-13,0.3896,0.1299,0.4805,1.0,0.4024375,-0.0909,0.384907436629,0.48829287048,0.281522002778,1196.52,1173.65,1177.68
2005-10-06,0.5,0.2258,0.2742,1.0,0.39035,0.2258,0.384907436629,0.48829287048,0.281522002778,1233.34,1196.25,1196.39
2005-09-29,0.3188,0.2899,0.3913,1.0,0.377525,-0.0725,0.384907436629,0.48829287048,0.281522002778,1222.56,1211.11,1216.89
2005-09-22,0.3947,0.2807,0.3246,1.0,0.3974625,0.0701,0.384907436629,0.48829287048,0.281522002778,1237.91,1209.89,1210.2
2005-09-15,0.5143,0.2,0.2857,1.0,0.420025,0.2286,0.384907436629,0.48829287048,0.281522002778,1242.6,1226.16,1227.16
2005-09-08,0.4231,0.25,0.3269,1.0,0.4072125,0.0962,0.384907436629,0.48829287048,0.281522002778,1237.06,1218.02,1236.36
2005-09-01,0.3176,0.3059,0.3765,1.0,0.4266875,-0.0589,0.384907436629,0.48829287048,0.281522002778,1220.36,1201.07,1220.33
2005-08-25,0.3614,0.3253,0.3133,1.0,0.440751,0.0481,0.384907436629,0.48829287048,0.281522002778,1228.96,1214.44,1217.59
2005-08-18,0.2929,0.303,0.404,0.9999,0.4529385,-0.1111,0.384907436629,0.48829287048,0.281522002778,1236.24,1218.07,1220.24
2005-08-11,0.3974,0.3141,0.2885,1.0,0.4745635,0.1089,0.384907436629,0.48829287048,0.281522002778,1242.69,1222.67,1229.13
2005-08-04,0.4783,0.2609,0.2609,1.0001,0.484951,0.2174,0.384907436629,0.48829287048,0.281522002778,1245.86,1233.8,1245.04
2005-07-28,0.5752,0.2484,0.1765,1.0001,0.4826385,0.3987,0.384907436629,0.48829287048,0.281522002778,1238.36,1228.15,1236.79
2005-07-21,0.4118,0.3137,0.2745,1.0,0.471501,0.1373,0.384907436629,0.48829287048,0.281522002778,1236.56,1221.13,1235.2
2005-07-14,0.5789,0.2807,0.1404,1.0,0.475201,0.4385,0.384907436629,0.48829287048,0.281522002778,1233.16,1211.86,1227.92
2005-07-07,0.430108,0.365591,0.204301,1.0,0.4514885,0.225807,0.384907436629,0.48829287048,0.281522002778,1206.34,1192.49,1194.94
2005-06-30,0.4589,0.2466,0.2945,1.0,0.435875,0.1644,0.384907436629,0.48829287048,0.281522002778,1204.07,1188.3,1199.85
2005-06-23,0.4659,0.3523,0.1818,1.0,0.414225,0.2841,0.384907436629,0.48829287048,0.281522002778,1219.59,1210.65,1213.88
2005-06-16,0.4805,0.3312,0.1883,1.0,0.393175,0.2922,0.384907436629,0.48829287048,0.281522002778,1208.08,1194.51,1206.58
2005-06-09,0.4598,0.3448,0.1954,1.0,0.3791625,0.2644,0.384907436629,0.48829287048,0.281522002778,1208.85,1192.75,1197.26
2005-06-02,0.4861,0.3194,0.1944,0.9999,0.3422875,0.2917,0.384907436629,0.48829287048,0.281522002778,1205.64,1191.03,1202.22
2005-05-26,0.4414,0.3243,0.2342,0.9999,0.3162,0.2072,0.384907436629,0.48829287048,0.281522002778,1197.44,1185.96,1190.01
2005-05-19,0.3892,0.3243,0.2865,1.0,0.2965625,0.1027,0.384907436629,0.48829287048,0.281522002778,1187.9,1153.64,1185.56
2005-05-12,0.3052,0.3312,0.3636,1.0,0.27695,-0.0584,0.384907436629,0.48829287048,0.281522002778,1178.87,1157.71,1171.11
2005-05-05,0.2857,0.2653,0.449,1.0,0.2793875,-0.1633,0.384907436629,0.48829287048,0.281522002778,1178.62,1154.71,1171.35
2005-04-28,0.2975,0.3554,0.3471,1.0,0.30575,-0.0496,0.384907436629,0.48829287048,0.281522002778,1164.8,1144.42,1156.38
2005-04-21,0.3684,0.3026,0.3289,0.9999,0.31795,0.0395,0.384907436629,0.48829287048,0.281522002778,1155.5,1136.15,1137.51
2005-04-14,0.1648,0.4176,0.4176,1.0,0.311675,-0.2528,0.384907436629,0.48829287048,0.281522002778,1190.17,1170.85,1173.79
2005-04-07,0.2774,0.2839,0.4387,1.0,0.336525,-0.1613,0.384907436629,0.48829287048,0.281522002778,1189.34,1167.72,1184.07
2005-03-31,0.2843,0.2059,0.5098,1.0,0.3565375,-0.2255,0.384907436629,0.48829287048,0.281522002778,1181.54,1163.69,1181.41
2005-03-24,0.2323,0.3484,0.4194,1.0001,0.3730875,-0.1871,0.384907436629,0.48829287048,0.281522002778,1189.65,1168.7,1172.53
2005-03-17,0.3247,0.3506,0.3247,1.0,0.3770875,0.0,0.384907436629,0.48829287048,0.281522002778,1210.54,1185.61,1188.07
2005-03-10,0.4966,0.255,0.2483,0.9999,0.378575,0.2483,0.384907436629,0.48829287048,0.281522002778,1229.06,1206.71,1207.01
2005-03-03,0.3951,0.3333,0.2716,1.0,0.3589875,0.1235,0.384907436629,0.48829287048,0.281522002778,1215.79,1198.13,1210.08
2005-02-24,0.3182,0.3636,0.3182,1.0,0.357225,0.0,0.384907436629,0.48829287048,0.281522002778,1202.48,1184.16,1190.8
2005-02-17,0.3636,0.3377,0.2987,1.0,0.389525,0.0649,0.384907436629,0.48829287048,0.281522002778,1212.44,1203.59,1210.34
2005-02-10,0.4375,0.3333,0.2292,1.0,0.4193625,0.2083,0.384907436629,0.48829287048,0.281522002778,1205.11,1191.54,1191.99
2005-02-03,0.4167,0.3333,0.25,1.0,0.4303375,0.1667,0.384907436629,0.48829287048,0.281522002778,1195.25,1171.36,1193.19
2005-01-27,0.2643,0.3714,0.3643,1.0,0.4424375,-0.1,0.384907436629,0.48829287048,0.281522002778,1175.96,1163.75,1174.07
2005-01-20,0.3366,0.3267,0.3366,0.9999,0.48035,0.0,0.384907436629,0.48829287048,0.281522002778,1195.98,1180.1,1184.52
2005-01-13,0.3399,0.2614,0.3987,1.0,0.500125,-0.0588,0.384907436629,0.48829287048,0.281522002778,1194.78,1175.64,1184.52
2005-01-06,0.381,0.2738,0.3452,1.0,0.5377625,0.0358,0.384907436629,0.48829287048,0.281522002778,1217.8,1183.72,1183.74
